x1,x2,x3,class
1.686478095714345,1.6190301564061718,0.716647925197787,0.0
1.6464954639798404,0.7098611300354944,1.8112794665742247,0.0
0.23522368604826788,0.13526192896594125,0.25961562250134224,0.0
1.0307997134247293,0.41586001693100344,1.1159739215290339,0.0
0.09912618872550288,1.2895760557078635,1.6602416854006194,0.0
0.8034266681998127,0.349770747568988,0.788516784327808,0.0
0.6497606287421577,0.28475420142160607,-0.02993862738584174,0.0
0.7078316719483352,0.05019018690806038,0.6210155276708341,0.0
0.4748511748114369,1.4986162175868765,0.7657359010254619,0.0
0.9618498538620657,0.4133122649254211,2.228616448051542,0.0
0.3611369947774781,0.2640893605355268,0.44305754811689,0.0
1.0326345222357616,0.5244707036786432,0.6526747576353643,0.0
0.610477004821448,-0.10091760400621118,0.07925170420271735,0.0
0.7389100980443226,1.4183243138720947,1.8517237285499546,0.0
0.2321091459253912,1.3837425812542758,1.1026529714247362,0.0
0.7097728967842134,0.21208500861681795,0.8344155511587118,0.0
0.613065579901302,0.550335158742684,0.191472443330021,0.0
0.5091132270344255,0.0043353777648177955,1.0281440094763623,0.0
3.1536020012373687,0.8560444146996837,0.23765601181354803,0.0
0.503413469089178,0.3241998294348737,1.10578000916938,0.0
1.8940780064647253,2.765143832843795,1.8078329118836762,0.0
0.7105172996058845,0.08894195595210176,0.31522930063743393,0.0
0.02107122960308941,0.5366883848214999,0.0761083457465585,0.0
1.2093702104203832,0.16944904678774078,0.1535641453813322,0.0
0.16331777836330222,0.7145779263282805,0.6472358541915255,0.0
0.8350486164870662,1.495959037544765,1.8457239519842539,0.0
0.074265772428013,0.2726253205504908,0.6472206783769976,0.0
1.050675455175061,1.7725241907733718,0.5606671402685155,0.0
0.021678555447236583,0.48222941213662307,1.2616886358718584,0.0
0.08788354474047633,0.6199339628962517,0.9478202315106131,0.0
0.7329124194679009,1.0428442381963803,0.5540058125826957,0.0
0.23420265701942483,0.27352875881956484,1.6053534523302169,0.0
0.1075821655431253,0.7992736846758407,1.0629881549230178,0.0
1.244807735522951,0.7393426234864255,0.9272026943029903,0.0
1.4642001051400775,0.9218750915533587,2.211648882809268,0.0
0.6741847821854685,0.4443165893227461,-0.11938261342412962,0.0
0.2587886701846611,0.8273700390928813,0.4832968813398242,0.0
1.59298975460079,1.3118536110753434,1.28538641929375,0.0
1.1586715189519647,1.1300752124324445,0.9716405493347626,0.0
0.6015328435245663,1.5971080527175634,0.2658657978355583,0.0
1.0961540906060867,-0.08607899188406287,0.9900926437811539,0.0
0.13810638358775174,2.3073443132053977,0.6382672526277273,0.0
0.6122729218469586,0.5026255190587426,0.6232550505401142,0.0
0.09872520432653398,0.5645594663279865,0.10388137762717095,0.0
0.4566412704795425,0.3981697645128974,1.6351009710543516,0.0
0.07779410658076122,0.7239112668684604,0.4965009347907302,0.0
0.3831915237945789,0.9163786108187014,0.7327888925807203,0.0
1.3553303651764872,2.2090122105892873,1.1768733636409139,0.0
1.7429508258786017,0.07892735443913274,0.4756700913327523,0.0
0.7093971371353178,0.7653486685534735,1.0798860547272624,0.0
1.9937133367156408,0.3038861954774289,1.7788895231573363,0.0
0.2265883993077699,1.0473092082077327,0.48786195325307924,0.0
0.8699087223462482,0.981527145419497,0.23556017013113192,0.0
0.9528520559893944,0.5439171257066737,0.37436794183826155,0.0
0.1495092407326536,0.7747727462158666,0.10098190312335863,0.0
0.28031077091217754,0.487465225454589,0.46973620326306786,0.0
0.9273523826435139,0.40720755476469056,0.6750741498182391,0.0
0.7099987516939372,0.7885093165332865,0.8671676507062156,0.0
0.17907099087272635,1.158658091589026,-0.03840447232729126,0.0
0.6540599138055594,0.2251187184806376,0.3349424469989568,0.0
2.95765661861717,0.23526522497432145,-0.014632179239679827,0.0
0.2008377509664132,0.684256986878224,0.9233105451829057,0.0
1.1026175902643915,1.0873451429010395,1.3706357918015373,0.0
1.677766095005576,1.1434472907953577,0.303143252736942,0.0
1.374902319347123,1.7260993928407535,1.3644082256207564,0.0
0.38192965418139885,0.7558421115787491,0.9025210548977013,0.0
1.1102368324999667,0.2605915673749587,0.02044807092753796,0.0
1.4792598727625839,0.01764544416187383,-0.023877841322265392,0.0
0.5337059757557155,1.094253235596642,0.08902167969391503,0.0
1.426467710069882,1.2309897495713373,0.2876244225832352,0.0
1.5876187584641626,0.9850537009722629,0.06085825836486856,0.0
0.11613096280673427,0.2208223657975877,0.8221486715585655,0.0
0.5609176344267186,1.9471683915148013,1.3663492788381209,0.0
0.2423222258623815,0.5528046892938407,0.26222736808269254,0.0
0.44622278880519467,0.8211467475870464,1.5180536379157803,0.0
0.528911931537424,0.273345368387733,1.006153726818897,0.0
0.1284975548314959,0.3514872673671455,0.8427221856972934,0.0
0.5544603362967517,2.263134427224975,0.8807838999038525,0.0
1.5891360930025535,0.9241012566405945,1.0834436615691598,0.0
0.7033587080390258,0.7842062063176631,1.0944714934175899,0.0
0.1858943521235023,0.36581191878184777,0.9093605050534629,0.0
-0.07024796910954634,0.2493783499830885,0.23172667051408313,0.0
0.9782163003607949,3.1191523951415125,2.531345356608296,0.0
0.9383578792237678,1.6078759396550995,2.4023931308568143,0.0
0.34619152254904423,0.2168047659752524,0.6935942310139152,0.0
1.3658783688713194,1.9858314211883679,0.8539001654748204,0.0
0.9179506970292411,-0.006084613990366393,1.4296637210374712,0.0
1.3752628382476797,1.7347809092763649,0.16138724966214624,0.0
1.900347108089097,0.4883809291016934,1.343201437531097,0.0
1.4627045464998385,1.0199965137459053,1.4336704258457604,0.0
1.7123405880891331,0.027080963465559195,0.5305147752206013,0.0
0.40990639988122113,0.49622764660032276,0.5966639933315547,0.0
-0.06019963159253139,0.3181502751680941,0.9264676681753561,0.0
0.2518092401742826,0.47605354091225116,0.5939929535126128,0.0
0.9996089661759769,0.490082328158238,0.5162020465928052,0.0
1.6246492078845118,1.364715290581009,2.4411115435443205,0.0
0.4445401944875462,1.541602159660991,1.4485455564294967,0.0
0.900621768814801,0.578340267639802,0.21700793436821975,0.0
0.4661779339005381,0.31205064472858596,0.22995634845672172,0.0
1.4206415996501145,0.753774549078164,1.4834875377201462,0.0
-0.05934719593478441,1.1638638865170639,1.5288043034597094,0.0
0.37097977450970393,0.2621422427541439,0.03864417321649889,0.0
0.42487001750596853,0.12925231127445658,1.3193252352001652,0.0
1.013904921070365,1.88425798312903,0.6679701459984375,0.0
1.4865115429022238,0.3761916911943479,0.785115619531009,0.0
1.6093685035819845,1.648141383477019,0.6880818969654431,0.0
0.6066948067834279,0.704517861576399,1.6073525448022135,0.0
0.1646576720634548,0.3998139925419157,2.238882646221923,0.0
0.5686248863125725,1.142867538800686,0.8847953473680544,0.0
0.7321283481711658,0.06684828677526392,0.6808111214809787,0.0
1.6694092399318257,0.05670740419043855,0.25183949021038665,0.0
1.4522009831908569,0.7809654818725166,1.479990685948934,0.0
0.15130830220901587,0.649379515256156,0.9671738060179824,0.0
1.4492877136032338,0.8984042919841372,1.9154766081286856,0.0
2.673691912888742,0.12696194247305229,1.005053039655907,0.0
1.165757081061723,0.11988020049566342,0.258752293306283,0.0
0.1543586979591923,0.972523171879948,1.5977662743060101,0.0
1.31625657575024,0.055725942281429464,2.639713194443437,0.0
0.8161239506498739,3.768997481555812,1.0152531409529835,0.0
0.5324608796764735,2.395624342626143,0.0585188364976736,0.0
1.3697089400573497,0.012441228783232644,1.6825146224393435,0.0
0.3280863919109175,1.882644245057072,1.7672729429064835,0.0
0.2310365102071566,0.048717604541386,1.0878258531080174,0.0
1.1693080088351175,-0.02581903672505366,-0.03753410247319039,0.0
1.0629384674508975,1.8755953617762404,1.4109215829768278,0.0
0.4337217511990693,0.9684325396277179,0.6402081063591258,0.0
0.13999296065678934,0.7970605106920529,0.13285735175273575,0.0
0.20881713405719327,0.22853750081278304,0.03668410917887461,0.0
-0.1493872011832901,0.1160554415941384,0.5145302569775231,0.0
0.7083917577289325,0.7524127580253298,0.04998043050994871,0.0
0.7867771003235806,0.7542916965523018,0.08550813491383029,0.0
0.4201022374810499,0.2594810199397106,0.8167968748442871,0.0
1.9171523875232817,1.4634670576631617,0.13318045141790363,0.0
0.693908732206463,0.7208956358670614,0.9319590218823527,0.0
0.25583838483214805,0.35232157971978445,0.8494629715764717,0.0
0.664066951702866,1.2888909540970033,0.26006358972662114,0.0
0.4514374105321568,0.20858509994668684,1.2263910600021648,0.0
1.0044671319857272,0.6860974334186819,0.1343235245959525,0.0
0.46939659812220114,1.226397335375432,1.788986787998849,0.0
0.5946334067762905,0.07508351855942322,1.1907757171932007,0.0
0.22279155716335586,0.18619557524596791,0.7375215274369543,0.0
0.5864511376764634,0.38264059859428134,0.47516761652228584,0.0
0.6914612527453741,0.560650611024356,0.030095156128212962,0.0
0.3744685624714107,1.6336080823234456,0.3218775874402151,0.0
2.5401184989875905,0.5355590722400347,0.92089006721137,0.0
1.3768103614975746,0.9252773800705241,0.4505376330345747,0.0
0.006340631790187762,0.1148568226246931,0.9283954470175032,0.0
0.8078222220657962,0.49754253040127755,0.32815597140135094,0.0
0.0956716682977318,0.1196291706066985,1.2678607605255452,0.0
1.2466067253821773,0.9269574136221069,0.100795892993829,0.0
1.362060278705429,0.535882333302981,0.22479088477304232,0.0
0.2109157384375382,0.6471229145391724,1.5667038434091651,0.0
1.5564116231482674,1.2942958524094597,1.6534164732476246,0.0
1.0551383510810597,0.40991420731406714,0.5902933122497341,0.0
-0.08570916615789101,0.3341040080761053,0.8100792516202817,0.0
1.6807875410352868,0.3417855077091584,1.1307885670404991,0.0
0.8796824507200539,0.2803785548134326,2.468988255421078,0.0
0.7067368346275691,0.5683740666437577,1.1452632435881251,0.0
0.7046948374834238,1.0271223669733087,0.05700746826265475,0.0
1.4392756509697593,-0.028304456431865205,0.64787657710938,0.0
0.8907160754115236,1.0123381522182466,0.7981701934293363,0.0
0.6983193288644458,1.2650755388055466,0.5839910969575431,0.0
0.5229671972559531,1.6390165964277421,0.5308110649214569,0.0
1.1636204224623763,0.21744927953112972,1.0413683326176777,0.0
0.09151262290480064,0.07315392020840242,0.8269188238658961,0.0
0.9430118879801321,0.3497031038781008,0.6850561923902005,0.0
0.3107809845281046,1.073744805496242,0.5694802432374223,0.0
1.089857005154328,0.9786795129956061,1.4511212593649678,0.0
0.23383195616933966,1.7458856436431314,0.27171690831417594,0.0
1.05235439762825,1.17612926025585,1.0246184199076207,0.0
0.1733780599303429,1.051623690852708,1.2565436912372476,0.0
2.418940142207299,0.7846760386803349,1.20200833892917,0.0
0.34850227927022365,0.12798911298716487,1.7742865391324907,0.0
0.8798590187064447,0.729694747261221,1.0979796917331188,0.0
0.9122269439684012,1.5734979968517493,0.44949655305369746,0.0
1.0029289038116846,0.10052230481286982,0.9786161460028086,0.0
1.2123696139732898,0.8724512041926885,1.039499016667097,0.0
1.2096295785155589,0.547200939441567,0.26610770007331497,0.0
0.2339858703445346,0.6374480173011348,0.10981404078472945,0.0
1.0671375104780505,1.022575976864096,1.630392694780054,0.0
1.6104959735295032,0.1934562708701127,0.7421604061482163,0.0
0.5308565222018958,1.1981778421795457,0.6978624095064763,0.0
1.571099176657746,0.9553475517201304,0.6893498557880474,0.0
0.9494878872695629,1.1382550602615642,1.1124336586009669,0.0
1.0854654645721633,2.7954132660540383,0.22180343326229437,0.0
1.3171299273053452,0.4410585278816582,0.26184886688133335,0.0
0.2675272316696332,1.1588650533297473,1.7519968735720672,0.0
0.8520286280480498,0.8412652022938412,0.5331841150695609,0.0
1.0708122345682678,0.44472578309505617,0.5721467922796853,0.0
0.18414263884583165,2.1833949130759294,0.9536936647446211,0.0
0.02934832708350764,1.101899280815108,0.9230961232450187,0.0
1.3697624707405067,0.03201521777809627,0.3888755753689581,0.0
0.23948340104560217,1.5603173956744951,0.7175234541835076,0.0
1.4150152140973973,0.9328739103713067,0.9109389051220006,0.0
0.5846732464483073,1.1369538257036529,0.5972790390882327,0.0
1.044932839141339,0.8195527368247756,1.5790400394210833,0.0
0.5513933420206031,0.44985336300904927,0.6343727341279675,0.0
1.7994579694323538,0.226296825623723,0.30151315441255855,0.0
0.9630646971448262,0.05027386600299849,1.0527667536835672,0.0
0.5802007266861918,0.8509764274378775,0.4203835515220994,0.0
1.0473717919985968,1.3679980697841478,-0.13507454829219562,0.0
0.7344818042066421,0.5407349261927566,0.6165457414699148,0.0
0.9337404644606265,1.3168615265576018,0.525192402713314,0.0
0.13020844624377115,2.600436599825683,1.492184466099452,0.0
0.7937627751427618,0.8787806028431985,0.3590840245309683,0.0
0.498428636334634,0.34805354364247726,0.3009582762336448,0.0
0.6879100969704103,0.3735710536010687,0.1506938034300385,0.0
0.9570639125271202,1.3201080152289055,0.9851373094272904,0.0
0.16524543210658665,0.045993902989205276,0.8926885418692296,0.0
0.48741405138254507,0.7005147714181233,2.4474982289917158,0.0
0.8703967284961748,0.4537797688949621,0.2620663126790087,0.0
1.6175845738746761,1.388156490741181,0.38249848269104025,0.0
0.7331400264036884,0.9796525542097467,0.5845498978286824,0.0
0.24833065485606537,1.349869009844363,-0.023132320009115054,0.0
1.1153940377115714,0.6758022522593703,0.9528387641195455,0.0
2.204271509763629,0.20498551767322049,1.9330080850808575,0.0
1.6655568497709414,0.03392405220625217,1.6318797221807062,0.0
0.2537639349991141,1.345383484838846,0.08354086732398558,0.0
0.36486170904517135,0.8252493981024814,1.4190411603316824,0.0
0.14337279425986726,0.30669946800735043,0.39530756379557824,0.0
1.3035526264692874,1.0232509043034104,0.85459247628934,0.0
0.9093445230916117,0.22014672937398397,0.6044474430570708,0.0
0.6847370079417721,0.02036494608907965,0.12988471301072504,0.0
0.47083261235952817,1.6007484868972188,0.9197386487578063,0.0
0.7336576579108329,0.6161749570593721,0.20702349779240883,0.0
0.5468484348238233,0.5393697684912726,0.2745815512471698,0.0
1.050993081083015,1.0082750515250478,0.9424625007712324,0.0
0.7265888083081425,0.9341271933591763,0.2358668405267063,0.0
0.804449238904894,0.32231967391113703,1.3097459725047387,0.0
0.93898413574225,1.0981890816555586,1.5733264856650142,0.0
1.1649571424791485,2.8204389628015436,0.9900714432135732,0.0
0.5465468091479807,0.5958511366968532,0.4826411990926733,0.0
1.9133065091785504,0.6458486178544214,1.1008845019080016,0.0
1.3354584725288958,1.3928975626022948,0.10359985848571919,0.0
1.3713486549291498,0.1283097620392536,0.3703173111732084,0.0
0.935083109110123,-0.10354199074431975,0.9580220358956701,0.0
0.2288461812140981,0.3466093705733738,0.6085065453412628,0.0
0.1997035585359926,0.5835613799540392,1.4431776056589438,0.0
0.46438045272134776,0.9236659724443853,2.0513020848927286,0.0
0.33466288757045826,0.7377525567175562,0.2780333734334707,0.0
1.490610731176155,1.179965408129606,0.9427793393970322,0.0
0.5287403210834727,1.3592143373830043,1.7491626588468565,0.0
1.4494542228765446,0.5165103771227231,1.0365216941159203,0.0
0.8970162310398201,0.7460371134771119,2.1302850343095048,0.0
1.9117723038968346,0.4738131992162796,1.4134729167115134,0.0
0.8760949446472418,0.8897000727539724,1.3697212366793456,0.0
0.17102275867644617,0.8718609609595313,0.5699840136421995,0.0
0.38620143251064687,0.20447725600126218,0.5981921838897606,0.0
0.15640665792884922,1.7822353420927797,1.872059113066102,0.0
0.6915932098554665,1.6687850356351004,0.162916733059184,0.0
0.5014869565910106,1.260406757265234,0.5009461098506937,0.0
1.140617185675567,0.15642486410423095,0.2296175424924839,0.0
0.19243401651141995,-0.3619470136240315,0.6662701473767865,0.0
0.6915353596796533,1.8893834707251747,0.7755157990446047,0.0
2.5719210347789003,1.0594557093304224,0.5015908914783109,0.0
0.9722786305237171,0.14106112393407075,1.1242143234925452,0.0
0.24493477921429038,0.2628193082753343,0.045914652848850324,0.0
0.5756066407245352,0.22622087465239096,0.3357778358931022,0.0
0.4144857354688616,1.1611876109864994,1.9763223995812043,0.0
1.2038344297585597,0.9925533189254798,0.0464009176413792,0.0
0.5511988531145605,1.7379842537687809,1.0943348847969738,0.0
0.6715850605742947,0.6504386659278103,0.21336158799489247,0.0
1.568571755853278,0.8289557779887915,0.026124645984259065,0.0
0.6745833166059456,1.4885633593330418,0.29232218892169504,0.0
1.9411540558346032,0.10338914965783136,2.013271646296263,0.0
0.554889296547309,1.8713966156321353,0.15364491487911547,0.0
0.303380796948718,0.16990526438962272,0.5828416075841512,0.0
1.2972164245002804,2.020517835693731,0.22107008039982928,0.0
0.18186859959210272,0.5910054304823307,1.9644647692997301,0.0
-0.07573665027215443,0.49820369238552087,0.8545068775324138,0.0
-0.07326554707583866,0.7262483653616381,1.3281090763888586,0.0
0.15316667545607304,1.4001245026536289,1.1185955713987734,0.0
0.4380725987349159,0.6071636864257438,0.6585259587607805,0.0
0.9953851442370001,0.4610134474627152,-0.06907327905002905,0.0
0.5041571039234984,0.8417039406204835,0.5124605470290268,0.0
0.912089809483981,0.20032714404732993,0.3741829855505677,0.0
0.190231102920149,0.9090762505765898,0.5189362112651317,0.0
1.7109685177902179,1.0349572594197347,0.689567234887078,0.0
0.6176472095377328,1.881935150703612,0.38546886099591765,0.0
0.48358652252524753,0.9618393006695708,0.09898216199010158,0.0
1.1986812496393353,0.40292924063146146,0.07289845703652342,0.0
0.22815657791933083,-0.024952349555381448,1.5053076170855912,0.0
1.2374497069031527,0.5347205077945302,0.6555672348614482,0.0
0.9372977524342466,1.7389326982787137,0.6906855135951473,0.0
0.16376795584110299,0.545049682627208,0.6476704553720762,0.0
0.5041469311427271,1.4015305848651876,1.5255602982316223,0.0
1.0806894293918299,1.0783484126970482,1.4479348440760604,0.0
-0.058109322536851964,0.3040275771779879,0.2903416466152628,0.0
0.17988629942102108,1.9141653224040536,0.5762819503493162,0.0
0.048359795979041664,0.31981191725176017,0.6664701828754337,0.0
0.4097524721787593,1.3433484101495174,0.2111675262572698,0.0
0.7509542958623431,1.5291722239140846,0.46876034944741074,0.0
0.41972199798291576,0.45203189672069943,-0.0002453828650131745,0.0
0.29189181156321176,0.5902017585379356,0.4578726782938455,0.0
2.4564696895068847,0.35455124318708325,0.8778035288819076,0.0
0.1612811156306908,1.1255275122359272,1.2005740388173392,0.0
1.0366276915373671,0.12241629506954485,1.0849922226372566,0.0
0.526256320428252,1.755245615023456,0.37750898170334324,0.0
1.4946876911659481,-0.12185703502592332,0.4594634678608534,0.0
0.7289005109073765,0.9045914307723485,2.150715113804223,0.0
0.3628929411597127,1.8533751017597895,0.23521934872624392,0.0
0.6664573469632723,0.7279278306658086,0.25144883608307267,0.0
1.3247680733936011,1.9524178514376151,0.18921633809658234,0.0
0.07649620723008639,0.8086470810709628,0.1723876273926782,0.0
0.516585833217067,0.6934591459106748,1.3799223874496824,0.0
-0.0351787607953328,0.8887106927557351,0.1283441432235351,0.0
0.6655986580534444,0.5891186275375068,0.13017490506635299,0.0
-0.062208162567468014,0.618018725311354,0.11750051578276274,0.0
1.7161572583011457,-0.048030028764546186,0.9593238400671933,0.0
0.6129909333887765,0.4145931576722566,0.294813585003641,0.0
0.8411695147255346,0.3296006538590306,0.6306015635029181,0.0
0.8317249665103251,0.2843026346084043,0.07796501957724183,0.0
0.5095788285026762,1.7419356310571745,1.7930979442379948,0.0
0.030870934778120397,0.11288389073922478,0.26929515138296817,0.0
0.21530416606880032,0.07524065195310758,0.7129093371280487,0.0
1.4355335930520765,2.044123714805398,0.2285030369313127,0.0
0.12299874939053823,1.9183327290246561,0.29720646060042966,0.0
0.902513132163955,1.9215575238509923,0.5819672243767784,0.0
0.6076662875794782,0.24890998443108073,1.2329963749711839,0.0
0.36209209809713183,0.034783586396702065,0.04378441288396698,0.0
0.23970728242367564,0.34167114316479885,0.7173153076800433,0.0
0.061570011323760006,1.3411103100143966,1.5667050957575004,0.0
1.9198824714737506,1.2831493474724112,0.44768117610981584,0.0
0.4715427738359968,0.9187057304932548,0.7854934729541706,0.0
0.5284743540028687,0.7513087279898912,0.8973537545470279,0.0
0.8914454567078669,1.0495005940391102,0.3595777875281646,0.0
1.7468465426836086,-0.009099406405947641,1.498745234601769,0.0
1.1403192548341812,1.7851634701922612,2.03682961054002,0.0
0.6000670914588143,1.5420407580607502,1.1752409846267553,0.0
0.5340359131487483,0.771215504710173,0.4055646768764725,0.0
0.49637655987848484,0.1616305497468335,0.2932255250413211,0.0
0.44183975575821943,0.7444219674998532,1.0890245192410501,0.0
0.3583914911302421,0.07239772413264708,0.5186933274425828,0.0
1.1755034616241131,0.21093984335380384,0.19916718781835602,0.0
0.352730723095259,2.0975145089366705,0.7602565758247477,0.0
0.9283132362460634,1.4547237683605088,0.9832871221116826,0.0
0.5418901842528108,0.42289394321774776,0.20516225278275718,0.0
1.8792288316992691,0.41063230033682613,2.9382683347415988,0.0
0.5594352358252728,0.5069217967202526,0.4621899966453366,0.0
0.21607397337483278,0.6116157626262251,0.4441207772860164,0.0
0.6488417641553311,0.20956978245137048,0.9297586886544899,0.0
-0.04064032282872805,0.3740808692810773,0.14310340339425828,0.0
1.5797642883798018,0.1166574663031472,1.2549752656806337,0.0
0.7591986705218222,0.4276242458488524,1.1066689232557132,0.0
0.09781068225286815,1.6091391726530049,1.754007958933564,0.0
0.6099977030867243,1.1602477971751697,0.8791767964520134,0.0
1.0308626379333459,0.20308627957937778,0.8746436169910851,0.0
1.484863963158406,0.6000662162188237,0.864309739188139,0.0
1.9308990628644382,0.05936740944545782,0.22439612163427566,0.0
0.12793162765900948,1.247541083161746,0.5912790256922366,0.0
0.3769688820218817,0.9291855820385128,0.0947218191953209,0.0
1.076184660541665,0.8199661425203943,-0.06062045968608156,0.0
1.03905698521158,0.9538798392349398,0.34444957035459095,0.0
1.0896287910568914,0.4235744621111932,0.05184905205432064,0.0
1.8159731548937752,1.207984390152827,0.15347921003053083,0.0
0.7429031040272713,0.4798685276500978,0.1689537317282949,0.0
0.4286398077498524,0.191941444831439,1.7123793892242445,0.0
0.7817800936107487,0.5344957561359097,0.433686167276109,0.0
0.30286117603448715,1.6553465016462028,1.7215606154972538,0.0
1.7326515333695833,-0.15397224857077224,1.1607701603434566,0.0
2.696688276464121,0.7174985029135748,0.8743357213577204,0.0
0.8585785670138018,0.15337887096255676,0.977704105434026,0.0
-0.02267746809309708,1.2693000677352024,2.2894938232799174,0.0
1.2491733907283034,0.09851755322929236,0.3023685587976219,0.0
0.49790101733736514,0.5036664518777606,0.8748953945227186,0.0
1.4573999776656128,0.7372607561626974,2.2497159921408043,0.0
0.024907048023081663,1.2844452138645215,1.01847840343819,0.0
-0.06612392105513483,1.1891724070362981,1.5148243199026126,0.0
0.35694593663923924,1.5677474624683523,1.2091466562219577,0.0
1.4564366870995276,0.9535773314949347,0.22658727213293456,0.0
1.5724847328870966,2.2328868191460725,0.4718032552680491,0.0
0.5567148965731957,0.2584138994650345,0.5444963925265395,0.0
1.8631498086701552,0.43723803986233295,0.6213056730402088,0.0
1.120816317776871,0.4882639875591688,0.13464096075595844,0.0
0.41864543272204224,0.27014178497426533,1.3766228509800738,0.0
0.7088532462205788,0.9317330117126148,1.0661894140831867,0.0
0.4288077355415531,1.0566332127845373,0.47303699415867395,0.0
0.7691714871411235,1.8128039923293198,1.2424407271906626,0.0
0.475228712712792,0.1961444504615441,0.7397554898819196,0.0
1.2873329933032571,0.9004530662830101,0.5548488112255305,0.0
0.4958382538752616,0.7989010577875854,0.3923103343115117,0.0
1.1489444531216306,1.6821391754700448,0.25029347193128937,0.0
0.5068165018907486,1.574301150339377,1.5970245235089986,0.0
1.41684978777471,0.1914805112629475,0.4732351416368048,0.0
0.2372222786998292,1.2396831025794113,0.9199431134405291,0.0
0.8902677093810879,0.04380236769406486,1.5393302462030805,0.0
1.676991367887877,0.05333442680106466,0.6818810523169834,0.0
0.2908693910295401,0.15170276584518733,2.3090074579189297,0.0
0.15013989110003037,0.9373494564945664,0.3764863274264219,0.0
0.797344339393189,1.5445677183419508,0.09437841144925037,0.0
0.009071488711830195,0.22343081506523144,1.1560326375347276,0.0
0.2869703321209025,0.09016555763313455,0.4240477617788986,0.0
1.1702331435241793,-0.08967448693809853,1.6955873555573846,0.0
0.061874807724227515,1.198229966240172,0.12824469903518879,0.0
0.4447589512314817,1.4649781895467768,1.6348098606670294,0.0
0.7224936646538217,1.0606997948184216,0.3232746616851001,0.0
0.32776085926222065,0.8488361423237077,0.1252955205406469,0.0
0.6762363239861776,0.4307998702873343,2.0298872856763968,0.0
0.6366640999971412,0.7538027768009491,0.7215457249419044,0.0
0.4469543339927041,0.24495969212443136,1.2320076831323032,0.0
0.01980488553933646,1.9684486225106541,0.2057812840645304,0.0
0.41687540818884117,0.6451596874178778,0.24654206361202055,0.0
0.051368773134814597,0.5154525875236763,0.9757200890957755,0.0
0.7962213196133106,1.1059745705234318,0.7615185817729939,0.0
0.3089846621012597,0.14695188150297103,0.8012276876588914,0.0
0.31979708108531424,0.6856258714154242,0.4672324583364681,0.0
0.6452346075837465,0.07802457699539467,0.5645163037902138,0.0
0.8297495479851353,0.9029359480695824,0.48434773909840695,0.0
0.5858847995259315,0.9594042118659754,0.9130457452379546,0.0
0.9255875506973071,0.7674584900838552,1.7985362251730317,0.0
0.8163100940764116,0.5184297451048631,0.4175010266893969,0.0
0.2110583041817104,0.14540012898751947,0.1970876082326441,0.0
0.5451844783127436,0.7422391387250151,0.9199100492262866,0.0
0.48043140280334995,0.2885673774814943,0.9999228460389582,0.0
0.20102019584687353,1.5246471282016845,0.8106720810925504,0.0
1.8194990809776106,0.7323849718938175,1.5592695057329733,0.0
1.9141691963611696,0.6864545346044937,1.17873887029786,0.0
1.1163441533887473,-0.036286190447424434,0.25382233681664496,0.0
1.034641626391865,1.4373469955373834,1.055579727687334,0.0
0.8764610730065988,0.16657278946185716,1.5630192648610683,0.0
0.6345973360716022,1.795479599904425,1.3654218530077906,0.0
0.4712355416567083,1.1710446627798108,0.5063146839236807,0.0
1.062399814515219,0.2738846374446493,0.3793250301583729,0.0
0.5464375150956963,0.5651913851446235,0.7679478334550542,0.0
0.17101344446151068,1.3078303426829834,0.07885667560104334,0.0
0.6449299265603913,0.35532591193462887,0.2907912448838058,0.0
0.6153196501331141,0.6078366472217408,0.5084944717033306,0.0
0.7469941160366953,0.9133689225910299,1.15082868687322,0.0
0.15864408480976996,0.8797457061575131,1.4831635866990844,0.0
0.30136785955797396,1.9835661441749246,0.10785486908553352,0.0
0.07860756749726472,0.8615425437649856,0.3727040960831723,0.0
0.6062827628816674,0.7252171053792418,0.7001339158184311,0.0
1.2819703754077703,1.6849697248521527,0.5870087143029108,0.0
0.2878077278144824,1.7003645037388082,0.7613589995657527,0.0
0.628467922612518,0.5148117169433379,1.6161846987711548,0.0
2.117340932714908,0.18508425004699103,0.45159051222270835,0.0
0.331739986661458,0.9924361313938919,-0.010403979744806835,0.0
1.134183573950501,1.2685739899371358,1.9130756422975919,0.0
0.5247699791738206,0.47376280770641616,0.46649961804384327,0.0
0.5800275406728123,0.14543265126913457,0.19983396782204482,0.0
0.5073183152850071,1.3703637831542523,0.9825921742911644,0.0
0.8016400965001185,1.2365301531525588,0.6385402425241153,0.0
0.8452777049271305,-0.052098322058742715,1.4178109234426461,0.0
0.4013118142499612,0.3238644657313194,2.78515652187825,0.0
0.3940148398240941,0.17662271639739352,0.6881246542206035,0.0
0.577887121002184,0.8128134566325593,-0.1333008129054045,0.0
0.7487407087942111,-0.01345458171705119,1.0294619007739974,0.0
0.5018081065480436,3.3660629922501117,1.763588523354019,0.0
0.13160852885908392,0.5002982019534011,0.41335336709009285,0.0
1.0691326486400774,1.729426408325691,0.09381854447097218,0.0
1.759484754719637,0.42332330275197244,0.6154270677595577,0.0
1.6720250684811797,0.8090359579099977,0.7598510683359685,0.0
0.8676820010625161,0.35679312064211405,1.1385939252221626,0.0
1.4276125186529054,1.3457889318500358,0.011011251684369328,0.0
0.7789580871019849,2.4369934726620284,0.6486684286389153,0.0
0.5181300367794865,0.6348253244317815,0.3449484066642068,0.0
1.5061537777648966,0.6185971289272454,0.9815057134929615,0.0
0.6166872199817596,0.7724995485364387,0.4234031531007269,0.0
0.3728107835316987,0.10270587498453877,0.9005802252416962,0.0
0.1497054648493993,1.892493567764626,0.7448481681165998,0.0
1.0618835340385255,0.183127534210627,-0.030273284140322695,0.0
0.4295898312206258,0.6517686251677056,0.22610086304772034,0.0
0.4267877951906684,2.951114125311707,1.7192104596203892,0.0
1.213353416939265,-0.0011754423635343889,1.7855121293476792,0.0
1.2479167808993548,0.6613348775240483,1.3652845700679157,0.0
2.0954054522909114,0.06872594328048491,-0.04867773976374457,0.0
0.464311448688674,1.2043124782089245,0.7856875720664713,0.0
0.9516341608040094,2.115231541380402,0.12702819690593975,0.0
1.2608860062407325,0.24119039921636443,0.8678021465440853,0.0
0.3426841417831647,1.3673231926783231,3.0442144198522127,0.0
1.3845068688170443,1.477871429031523,2.4489401806736146,0.0
0.13873185304332888,1.0286678256087987,0.4137796506524568,0.0
2.319926994809018,0.11305156829696232,2.675265176366431,0.0
0.8761572251969687,0.010137972218924013,-0.15580435163602527,0.0
1.5154234711850885,0.11255783347556583,2.2560871331902965,0.0
0.20615937033135112,0.2770027858807301,0.18794345438158733,0.0
0.3563590489462208,0.17145387254648342,0.43325139342047336,0.0
0.5636230018507976,0.11102533533122297,0.9737153670239993,0.0
0.7438323428191308,0.07453018654698988,0.3873054986804289,0.0
0.9408884929229495,1.0847551292838038,0.2948689859648376,0.0
0.5936082106787459,0.5034940365125278,0.543327036392264,0.0
1.7060556213077982,0.4515226535688624,1.0837953733579282,0.0
-0.07537177610359219,0.8969217291077276,0.3620387714512414,0.0
0.9562174879905181,0.04058340978921636,0.17906220851023957,0.0
1.2329554880997817,0.3200327205043617,0.02771223412319776,0.0
0.7285605956028026,1.9419083502796677,1.8913005104421856,0.0
0.8969421343581347,1.2328155503041,1.0079476070126883,0.0
0.19936471265583341,0.8331417343562793,2.308838023379413,0.0
0.8662555684483616,0.7195558472497078,0.17469482663677588,0.0
0.6095301032242582,0.6205308526831262,0.1728453257557557,0.0
0.10622484537031815,0.42266857713344075,0.3944025087377492,0.0
0.34146318455665264,1.4143363726273321,-0.008045074183473756,0.0
1.892482400941591,0.37877937268736195,0.48970077404935036,0.0
1.424661271816973,1.226794608797106,0.7372627086066219,0.0
0.26939917855897144,0.22712020251799783,1.0148060565227237,0.0
1.1916536617612616,0.16197939270557882,1.5944146881572359,0.0
0.4926470996669762,1.020199239879632,-0.06071455333681622,0.0
1.111603465432292,1.1691428182822905,0.00540037448248272,0.0
0.5476336407889146,0.2650351456908434,0.868487241614682,0.0
0.9773526794637605,-0.036966737388805654,0.45129426406100337,0.0
0.23208807409117332,2.031256354386723,0.5427556999579183,1.0
0.6776760913299411,0.9488256662513748,0.5261707839525518,1.0
1.590380691503706,0.20584704937899376,1.9901785668984036,1.0
0.48925099816418227,0.09148502403348571,1.0150667612517106,1.0
1.567585460813823,1.4692499867747784,0.48162378273451956,1.0
0.7580824920344971,0.34532062834171584,1.4047677690495441,1.0
2.5047531871784137,1.3330162181841612,0.18899978855584376,1.0
0.8599162876954043,1.662239326602267,0.18919929060981044,1.0
0.23609733746446487,0.07472580445736152,1.6085304889862941,1.0
-0.034462654011596414,1.4254481745935021,0.13100879805185156,1.0
1.1445206491821511,0.3819229348902863,1.2544625117651145,1.0
0.47513879714639873,0.6951155674166369,0.7582010548427637,1.0
0.13537148658889236,0.0014879763488928471,1.9972952207791366,1.0
2.22434248481284,0.7171594149196537,0.6458870751107544,1.0
1.0128642414821856,1.0351006457450602,0.8565136416743491,1.0
0.5710754712950442,2.3250009377866583,0.6757718631422922,1.0
0.7528400744227999,0.6439578867268734,0.7348617578833572,1.0
0.8380556081127077,0.11390173487346089,0.2846340438543416,1.0
0.5857733412070063,1.0133066550936223,0.007849757283137748,1.0
0.08451616029719775,0.3688751626968314,1.2961385626641473,1.0
1.7185971394880823,1.0812221983588342,0.02856290530877366,1.0
1.0539224493185275,0.13438555351770992,0.43617468558938344,1.0
2.0713852718112906,0.3189505235344994,0.09431351474416816,1.0
2.4991709289125157,0.44721631759625124,0.6342706679983483,1.0
0.13427154424434135,0.7311943823658167,0.21221854437719023,1.0
1.040019357773308,0.13182886368724145,1.2195352628382812,1.0
0.17634645060501403,0.45126113974468907,1.5722553804869028,1.0
0.6029986149311062,0.08827357795323532,0.528059517621809,1.0
-0.13362402481677157,2.7461675286292095,1.0972942826933931,1.0
0.1530284580802829,0.9211887075122644,0.7484359523740756,1.0
1.6393199019181488,0.02309121783268822,0.9792237974313932,1.0
1.8677057171175133,0.04382504657340745,0.5676017268110048,1.0
0.49542472940088333,1.8073664732043315,0.576863984955503,1.0
1.3966035296513954,0.8896430092568458,0.14856037970682698,1.0
2.0090471291420604,-0.04105198648566604,0.49372724377109595,1.0
0.40346695089341145,0.6272201987487898,0.7748243523171947,1.0
0.19308773968809123,0.3265386938284344,0.24819731254549077,1.0
0.2479975024544055,1.071696187459486,1.31373751928564,1.0
1.5148667472681527,0.6129382556278058,1.1235953638858878,1.0
0.5262922439980248,0.20830827887500855,1.7055012823478886,1.0
0.7498107709660782,0.877889772833409,0.7872800809751611,1.0
0.7129180835177779,0.024957158396639204,0.21832302776729456,1.0
0.6670556461166164,0.13086947667294446,1.0301313939307715,1.0
1.243588819330811,1.0266105623786226,0.783537662430307,1.0
0.7833975631764915,1.5778916205468485,1.5286314936344207,1.0
1.7085788452489181,0.3500598526612085,0.3019182174290528,1.0
0.35036340417160433,0.10028891440919671,0.3036540766325724,1.0
0.5128189602158324,0.43494779107808523,0.18716732761959506,1.0
0.8037818836059817,0.9852490395209567,0.7356022156097827,1.0
1.0280470914389221,1.1411474671252184,1.9686478284338476,1.0
0.966255268857573,0.3345773748570658,1.2813321352911242,1.0
0.9547098674099405,0.1303686727780267,1.0125911759687802,1.0
1.3076676185680156,0.5480630073913108,0.4861681842243532,1.0
1.060193538948389,0.2692878848059945,0.399204856338662,1.0
0.3883935154042662,0.5986345128763656,1.00221228345859,1.0
2.1501679037231827,0.98472408727546,0.3671065333261886,1.0
0.9061153298637252,0.6867452019550601,0.06420667134042304,1.0
1.5196103379013348,0.2721907218057796,1.1300492815682643,1.0
0.679127086551868,0.2627194870085524,0.28791667973684343,1.0
0.9112794382100087,0.5673614831106975,1.062567237593883,1.0
0.8545274561700607,2.2516369755421777,0.8969419468264035,1.0
2.585544551924719,0.8333456989235904,1.7497487302288317,1.0
0.8172262885730699,0.7765607807474655,0.19042322733978365,1.0
0.6438509046868276,0.20430022455065397,0.1625902358950335,1.0
0.14269292272635817,0.3013148206150945,0.45926918618193285,1.0
1.4848485303638141,0.29140761938420623,2.713953889683949,1.0
0.5157635980286323,0.31222052668353556,0.6324592229697572,1.0
-0.09896936100876963,0.9468670551832794,0.13899284534115064,1.0
1.7813580801887723,1.4413294466524675,0.3357829881205052,1.0
1.833191491989847,1.0901711282998015,0.2501228371600295,1.0
0.7055283963956569,1.3081904369591009,0.427400134961976,1.0
0.12862796351032157,1.9160877590838046,0.9377810464187135,1.0
0.7216014389282257,0.1891782114581649,-0.07270509337805675,1.0
0.4072960513976308,0.1277320138659933,1.5523598119112698,1.0
0.7232721129530697,0.37336246431268894,1.818992740976709,1.0
0.9617406458056543,0.4855263454385376,0.014604591961636923,1.0
0.10184227611348504,0.7997371008251635,0.1659741177579512,1.0
1.04140302470596,0.12537530674992498,1.6030656767038591,1.0
0.2305759956916913,0.7742621902150791,0.32232948034966236,1.0
0.3920283926252484,0.45677181874338396,0.26375928512763125,1.0
0.09420859176766222,2.980715508454771,0.558909069306043,1.0
0.9433184085863797,1.270864994537296,1.618369050603113,1.0
0.7094664545689118,0.07507943807058348,0.4877523467116127,1.0
1.3703549169258964,1.0877859621928536,0.5713605996370933,1.0
0.9259793196736077,0.3984872500564831,0.32517591227146,1.0
1.3903740599077932,1.24436983732862,0.0216444238499513,1.0
0.39289086449833877,1.09765233487667,0.7337099913416669,1.0
0.03380163750342253,0.19950094666922755,0.40755902576459824,1.0
1.0582850046528296,0.13287083685624768,0.7662125273002541,1.0
1.4322392654090372,1.024371256932201,0.6467498919772061,1.0
0.9822201483912159,0.6510669497969866,0.7773190028388258,1.0
0.5199748068108958,0.7547905145642371,0.9271371836719704,1.0
0.31061305360749386,1.3203470640821096,0.08101450663944003,1.0
0.4013363819324611,1.240346554244475,1.1656174982940497,1.0
1.2126602332993128,1.0397869349766717,0.2032918218566498,1.0
0.4977936548496562,0.9350226686617789,0.8540056436627067,1.0
1.6191183249969319,0.8287362022976443,0.7921063046307368,1.0
0.3418319772879883,0.1414170961793454,1.126085322989435,1.0
1.3064767695455253,0.9550779362533933,0.22857449173573083,1.0
0.44115252483469974,0.2672666955921377,0.22227740622832537,1.0
0.2955321357621919,1.217006787007832,0.3240741638227151,1.0
0.5068365909276805,0.15557954712431318,2.635962751590744,1.0
0.3593245478064544,0.23478824462039338,1.178633733236809,1.0
0.2961339610580725,0.5075308412213353,1.5280859088156606,1.0
1.4223871252699782,0.9866156163893838,-0.13892903071614288,1.0
1.1467723046540579,1.6515152439405076,0.18907532901955504,1.0
-0.13489673575258931,1.43809590116864,0.004592319728305955,1.0
0.9191679479927577,1.939522256177799,0.3218986482442267,1.0
0.23666895871408009,0.7109853049374545,0.6405329268921964,1.0
0.8009260345332406,0.6160015897709682,0.7270202507500372,1.0
0.31906817526578873,0.4815512617620492,1.3436765832246171,1.0
1.603230405640455,-0.04857045752141859,0.44630211824902555,1.0
0.8722769900803795,-0.01825248624830028,1.6926333451158608,1.0
0.17507790989902586,0.5860443074722095,1.4477968755829627,1.0
0.831459068799022,2.2547191186144477,-0.014606559519484148,1.0
1.2843940724376441,0.19537442427975524,1.1643499175606205,1.0
0.6301952653907845,1.0979753364221256,1.1851142290920769,1.0
1.043186824622152,1.767368295259496,0.9381317731987996,1.0
0.049842940277193895,0.4260216904075809,0.2289587220547546,1.0
1.101346681838275,0.2127358118555819,1.1886014764388872,1.0
2.0071567613177734,2.1556335660713994,-0.10764415863243604,1.0
1.1654169093470144,0.10470441681400477,1.3355521565232504,1.0
0.3603301641133288,0.9636738547947343,0.608328015542759,1.0
1.4601411085596212,1.4700633758240822,0.18913921637999984,1.0
0.2542709198887688,0.18918884721227122,0.054182952012518895,1.0
1.9272184429393768,2.1279887605090058,1.235451132244436,1.0
0.9529312605238569,0.6642960768026847,0.3056458677065528,1.0
0.720086847767615,0.7582646304983437,0.3445905154748883,1.0
1.4856346074184015,0.8627186077245927,1.3647640046171936,1.0
0.6007740230081977,1.5852659763571184,0.0922535336720867,1.0
0.9521593823552188,0.49248476753446735,0.3257364717590797,1.0
1.5057380958330133,0.876944525332852,-0.03750606795098185,1.0
0.41508934689301885,0.2042733614715449,0.6846386889503143,1.0
0.7229923665432013,0.8665842606891476,0.3212481119404053,1.0
1.3234161263398494,0.2599149187918132,0.47944669922031763,1.0
0.1769751621617328,0.7078243007351941,1.4934319975942527,1.0
0.4699583763163431,1.1852938668681323,1.082304040510988,1.0
0.11290930096653136,0.2991278983463164,1.2756793287022172,1.0
1.358121890971346,0.8344162646672525,0.34186497647546127,1.0
1.1246608499154966,0.6601874341034276,0.5012875371960109,1.0
2.001715096364504,0.37154333796329136,1.6024390905442705,1.0
0.9259454900022812,1.2617832276752075,0.6400629972366397,1.0
0.28326592019375574,0.6753166763173136,0.2376135548745561,1.0
0.26797185593446704,0.3830489884389174,0.8995025950409844,1.0
0.46993068321747256,0.17816108841648473,1.7597710045138295,1.0
0.5398745209760256,0.11241011596018458,0.6301536966043737,1.0
0.42510835589735796,2.1384171354114003,0.10972902491231035,1.0
1.6756036961128475,0.2241638102010962,1.7098158687940423,1.0
-0.03491702342203193,1.0830790807998656,0.9207267575477858,1.0
0.1772242696811225,2.643052952457817,0.20217478277154938,1.0
0.2934784373028536,0.45520374578139833,0.21563383157875288,1.0
0.21149988869352476,1.9421149355254768,0.9417526539003862,1.0
0.45604051444976645,0.23597807028059248,0.3614190146736455,1.0
1.238829897931367,0.6548374200170961,0.21877031174865555,1.0
1.4884369613680093,0.5185568094156816,1.8219118875593512,1.0
1.9116101288960798,1.127435995620487,0.5247071456436173,1.0
0.9996979287183403,0.9598226327374689,0.22174745862568382,1.0
1.187585379277857,0.06033345282168713,0.2046267052505615,1.0
0.5814452641831587,0.14674030360953982,0.8763969833179241,1.0
1.0035209427418335,1.1081049642966714,0.0005060485880672792,1.0
0.6634689676147282,1.54366171156729,0.09117675271167251,1.0
1.3922268033533718,1.928314187189071,1.1813971037023627,1.0
0.6925485177306598,2.2321628202743216,0.6842710315041439,1.0
0.9601532680819038,0.18515755319803023,1.3547327341304585,1.0
1.2229648643418505,2.1876953427256347,1.330616704786436,1.0
2.393119832356962,-0.12729331490449247,0.5725266602262364,1.0
0.4374209406183106,0.2188193854227139,0.7526838579965748,1.0
1.1404422183084058,1.460755228913798,1.9534856933828217,1.0
-0.058019462929619174,1.3809126925238628,0.7877715693179285,1.0
0.2832751944643326,0.3866036655179494,1.8087476730355447,1.0
1.3480411786037207,0.10699926646037511,0.812335290020719,1.0
0.8092933386238907,0.19445283635563704,0.5516496978251499,1.0
1.2348103603588922,0.1003224342250526,-0.17553774139681272,1.0
0.6195894236729267,0.9401916013196967,0.5468042188102028,1.0
1.0787085191028527,0.5343110659216708,0.2687495125016086,1.0
0.05269740190896577,0.41621996844661635,0.9438104273928527,1.0
0.8022582335164236,1.6162764132660867,0.5799967634851159,1.0
2.3991550122093757,1.6242441335660698,1.089641961532323,1.0
0.5981353358289742,1.4668499438212579,0.14107169939827002,1.0
0.2632834299498824,0.9251385938030269,0.25832090623288173,1.0
0.23443418459252308,0.7399888401732013,1.5511885600348245,1.0
1.134690681480493,1.7095712280547053,0.43994574228229405,1.0
0.021852429639768734,0.04217384481478828,0.05863132071665074,1.0
1.5341810391345556,0.5365542806472123,1.344787527574439,1.0
0.3053350171879715,0.0032860995866139595,0.784244808111327,1.0
0.22058798680873207,0.24742240865553258,0.07303855135663599,1.0
1.2440992682948433,0.23649723840761802,1.03800005652943,1.0
1.075304243864876,1.1090751999950614,0.546418949356297,1.0
0.524692051997631,0.7487737716061563,0.11297892144457991,1.0
0.2604902244405518,0.04287801598239177,-0.014396941250784097,1.0
0.430187947595188,1.4628239959433047,0.4455458657172887,1.0
2.22722225184795,1.1394632649152518,0.7668993427853873,1.0
0.8866702934315629,0.8118644412189662,0.36229593759143286,1.0
1.3133469345842672,0.4550995064900618,0.22603495002509205,1.0
0.6066653349241811,2.596159058738472,0.3356659486179283,1.0
0.7191708947245501,1.6690703301379717,-0.1112266330450757,1.0
0.11839965747464354,1.0170202638953663,0.39366213198984434,1.0
2.205955391475914,0.48600010757320095,0.15372936578529658,1.0
0.07671285560049283,0.4704852605177746,0.09550228343877637,1.0
0.038471955346758985,0.1805918894154748,1.3931534051523227,1.0
0.6164457736310416,0.042958090044108575,0.14267596017589898,1.0
0.4378342556911037,0.7233062891372903,1.5610607245612682,1.0
0.7277542067927364,1.4266189575017465,0.6521834317024693,1.0
2.1961516189129835,0.8018153465034347,0.5616682136347229,1.0
1.1921288900818343,0.28015650774149264,0.24352182708603026,1.0
1.4787659063813732,1.0690226348503429,0.9352055768147888,1.0
0.8443275677320837,0.2882302556905748,0.031034628533795523,1.0
1.1232422846522792,1.1127224643602807,0.19188693426026016,1.0
0.1212027460720664,0.15653156638003252,0.7326480927144136,1.0
0.6898767175900781,0.5016453865737948,1.1023995862997085,1.0
0.23987669151882732,2.0175995016194603,0.7955768967609934,1.0
1.4304336283393253,0.3712881111308153,0.6151830062704279,1.0
1.4471841302263448,0.33797330075151566,0.6640205734911395,1.0
1.0985038116267336,0.8980176038264007,0.8434059013858235,1.0
0.1770061875518842,1.439468252318295,1.608149658094487,1.0
-0.04914647946241862,1.2236402612509338,1.284605992806335,1.0
0.2654377198374082,0.609988192995216,1.2976527462929488,1.0
0.05959620311190741,0.9704238567961405,1.0377417337877974,1.0
0.0741147377360535,1.0592137621050723,1.6303544606298843,1.0
0.07120542469206304,0.3435029711954466,1.8435971489031922,1.0
1.2828109334695903,0.4668490562369729,1.4526057147070843,1.0
0.0877128436572161,1.4738098262158834,0.17359799291100514,1.0
1.0027299983694808,1.688075395257542,2.6532216572634835,1.0
0.8363893131659231,0.1367399595722028,0.8969732486570762,1.0
-0.06681860544332906,1.4819020545835813,0.37041481168563634,1.0
0.15142400231959716,0.9258961624037776,0.5762251769297349,1.0
0.9319800406956351,2.0491929791954853,0.4033909296073421,1.0
0.479704768205219,0.7991827752879626,0.37674349208471614,1.0
0.691029408464829,0.9083445926815701,0.23209366999814848,1.0
0.1911237238772252,0.7362221528043041,0.2846931751563323,1.0
0.04726126591012393,0.042758175366021195,0.20503469353015724,1.0
2.039302983429461,1.1717248402285918,1.6596006837042319,1.0
0.8360193176550462,0.037633840825785775,0.9826720887901802,1.0
1.1720097239643235,1.9248044859491558,2.2417804764789526,1.0
0.4350385517107773,1.3873134894759995,0.19780185014887072,1.0
0.12794955349818177,0.5296533339588916,0.3695906331234407,1.0
0.5590342489138221,0.5740057324092595,0.4053297277392736,1.0
0.5930463229192986,1.356185730165004,0.4601877051282488,1.0
1.8696863198977818,0.28060675847963207,1.057655382321403,1.0
0.7644159752578916,1.131803807417676,0.6387450178043653,1.0
0.5747255743999292,0.32362427036817165,1.2888672866451507,1.0
0.15577164695536125,1.1208871992214509,0.15889671391273577,1.0
0.796603166498264,1.3118326213344005,3.0908943346792,1.0
1.0595366476281791,1.1552451297213941,0.1405592331476387,1.0
1.055206810740875,0.5387289280057134,0.19728754495963663,1.0
0.5678746179910882,0.4510616390422197,0.011527433303902369,1.0
1.7839068464035688,0.35405941418281356,0.011021489709532137,1.0
0.2620765197944632,1.8585242748067934,0.20970775745425663,1.0
-0.027231459732494884,0.9196314564083178,-0.035778916288394066,1.0
0.7805919888204955,1.1633564864558323,0.16543693530641093,1.0
0.834713439619219,1.3879044841880457,1.1195752167809068,1.0
-0.007390506364000045,0.5458037106744925,0.19933648809822443,1.0
0.8789551864145627,2.1373638413790284,0.5127100795250666,1.0
0.2803238008723444,0.21892934938772107,0.24237863132211826,1.0
1.1936860742846729,0.05294847271447951,1.1536945750577046,1.0
0.9562494475896645,0.8455773662437219,0.11467588709862497,1.0
0.487592575473805,1.2973269362810589,0.7536249822778487,1.0
0.854773787733608,0.12164793315040999,0.8348459039903577,1.0
0.21409366439354377,1.0107749037734495,0.19781517395708834,1.0
-0.03694557307579188,0.5689645647255798,0.21999488419371963,1.0
1.1877532475484867,0.3761484290499412,0.1776764380138109,1.0
2.3930833366234423,0.3695879390100498,0.740558538761207,1.0
1.3055093123454464,1.2964221779980414,0.6460235119031502,1.0
0.2746242887751642,0.14534597043791117,1.2820934828273907,1.0
1.0586810734172456,2.275531101887147,0.04728451332449363,1.0
0.4023299788239588,0.8029539829302138,1.2110097091792993,1.0
0.2523699221937127,0.9585055060733696,-0.13112212706205512,1.0
1.7284280678032933,0.7498062340032291,0.6398545400990507,1.0
-0.08528619442853422,0.13923594189812458,0.9666888474693114,1.0
0.7655062194939978,0.6403368281434675,1.172176027793399,1.0
0.18404218290595226,0.7259966539200088,0.5277122658048095,1.0
1.3804953639575033,0.4052531805949407,0.2438115876267638,1.0
0.5333417237040894,0.6016998814620891,0.08250022682484866,1.0
0.6536419206032831,0.9426951245811477,0.48363811494177855,1.0
0.20128217809792195,-0.19330787233149146,0.2814453389695466,1.0
0.79763900852711,0.49897555852594583,0.9556654607377133,1.0
1.7889469265229707,0.005187766441433074,0.39243050462100315,1.0
0.022690928712813932,1.0338239592760843,1.950307352660326,1.0
0.9624955726895085,0.4596666337738842,0.44805897082816953,1.0
1.3222854997967952,1.421466103573643,1.9856955687652538,1.0
0.9375996694397998,1.164767587770216,0.31648183155034537,1.0
0.5871484246663861,2.341829375886454,0.03304565324561952,1.0
0.4486082564315568,0.9340488735032063,3.331803235131396,1.0
0.7988670549474173,2.646948364634547,0.350584549582051,1.0
0.48131344280483346,0.6342688361992,0.8474876012541543,1.0
0.0389067677447901,0.6601929571981083,0.3611823571165278,1.0
1.7242091529199193,0.262519265537585,1.3273580274449206,1.0
0.29626715357830974,0.5788212719326591,0.2936906229615086,1.0
0.10646119345863073,0.4874491211076467,1.0144492868936898,1.0
0.5927736939512271,0.2348791469501012,0.8092536707377956,1.0
0.27119092593371685,2.1010568537892658,2.540504006947667,1.0
0.7271889565550774,1.0660601010341104,0.8949390476140198,1.0
0.5889024081659855,1.1092193211679742,0.6950823903098927,1.0
1.531815896409821,0.1483078459923034,1.3463369359001534,1.0
0.5071439957847166,-0.07872157418926432,0.03994058852762529,1.0
0.6141964965285637,0.015484066218365906,0.4822089412304389,1.0
0.232552444362417,2.2675256316736485,1.2735888606062338,1.0
1.2836953892085243,1.6715346023940851,1.3135942790870012,1.0
0.2508231792790757,0.5907169712606205,0.13393559509073266,1.0
0.8050363821148986,0.6983722574102553,0.41871425385363065,1.0
0.8342892514820884,0.13908170190043823,0.922094356685742,1.0
0.12169593283475498,1.8048885483921095,0.25178791296874536,1.0
0.4169991774648669,0.8846790492068548,0.11862026787550717,1.0
0.21962350892538116,0.8199261862734065,1.464729985403663,1.0
1.4683886452468242,0.8682000613815221,1.0884731905743963,1.0
-0.04122401362595797,0.46824539066157767,0.665088349988124,1.0
1.7626646862842945,0.1925985128428789,0.6761533845591231,1.0
1.4938683143567206,2.8862771939450487,1.0209867611175907,1.0
0.9033329099513073,0.33775989859692784,1.167923017749248,1.0
0.13142661267871328,0.3184781169330869,0.4206624701445036,1.0
1.4647266612548164,0.6480506452384108,0.7219804691756762,1.0
0.7214845918226647,1.5632980145804263,0.8483015451206007,1.0
0.8081766932076866,0.42937922332712625,0.6169386223703435,1.0
-0.013185442299828952,0.18109447593759048,1.7509615419684104,1.0
0.2719848465800724,0.8281735320767617,1.832085548783353,1.0
1.7784243297290228,0.7318102849028063,0.55697813637992,1.0
0.5396883153275833,0.7205855203536717,1.2606357810621678,1.0
1.8618375686136612,0.6621630192856349,0.4960579550682196,1.0
1.549091579914099,1.9257768605782257,0.8330419870826261,1.0
1.2667614392672433,1.145154643002022,0.27806532996573385,1.0
0.16318770151196277,0.8982444989273245,1.0997982103756507,1.0
0.2308067435724151,0.23051231775775094,0.9525618395691903,1.0
1.3117898750501822,0.5732319925211187,2.4259899723081007,1.0
1.24130373773495,0.4508104210271437,0.376659247433054,1.0
1.3551584799115517,0.2731857031443596,1.5544482145031786,1.0
1.656515929055685,1.3061402060197977,1.933858298754089,1.0
1.2735762892911726,0.9002589420498711,0.8398289586515045,1.0
0.5600298400105256,2.000859714068696,0.29354098186380295,1.0
1.6596499692731617,0.909076489680263,0.26037904118612776,1.0
1.1348804653930102,0.4540440639180189,1.6161302384554053,1.0
1.1323447062399052,1.7552458982933088,1.8117247507624499,1.0
0.7646074137337194,-0.10541456396751393,0.42667410890832846,1.0
0.6335041320142504,0.3837191967524211,0.19872455965240857,1.0
0.06679053230669255,1.3062956367018739,0.44265812051168196,1.0
0.5529234040714909,0.04669702469723644,0.2257082914157127,1.0
0.107917436662596,1.413737736161998,0.6004975251186478,1.0
1.4751891736175593,0.8951568581250839,0.4682331250995989,1.0
0.2937966389131587,0.8451545608442302,0.8092114766204713,1.0
1.094683342504791,-0.04233223400289163,0.07275342764401108,1.0
0.5558805045247136,2.40837053561477,0.9470069980719568,1.0
1.3275235113924895,0.04554747681730224,0.6051501507137459,1.0
0.21285498164405137,0.27352806771846916,0.8416424915825347,1.0
0.1524110368110166,0.6329974879207694,0.47821980499858996,1.0
2.110473581751726,1.4345533206849446,1.287583033370333,1.0
1.7557122144211628,0.8167365034052191,0.594891687253467,1.0
0.3503433238563001,0.40544222153513887,0.2625376521786107,1.0
1.166858147723334,0.1766750145208421,0.04511833376497553,1.0
0.47342773200584454,0.6672720762909709,1.0188902159376763,1.0
0.21491610180198403,0.5495691266851966,1.9346439184083986,1.0
0.8996469221456894,0.28869804775609864,1.0466540200200192,1.0
1.3216129864523025,1.0899968736676207,3.1236858621643107,1.0
0.11540645383530704,0.23253367454174653,0.10920901165985003,1.0
0.048481971615202846,0.5355944070283569,1.7244723739618006,1.0
0.9059720607868725,0.6849893851166945,0.3428346577421991,1.0
0.5258736280180051,0.9900235102799803,0.45837466741399513,1.0
0.4419846386173753,2.202841569298775,0.10199259192589608,1.0
0.7772149571812733,1.392300877017008,1.6645145585964856,1.0
1.1035075671525214,0.3247542496823338,0.3877805283129149,1.0
1.396769740477012,0.7607372203326063,0.7391004770292762,1.0
0.03240984111771664,0.8344319781667443,0.5562647335201979,1.0
0.8044748753665514,0.6699138204288835,0.4420933405000821,1.0
1.585704339883916,2.0966185267367705,0.6427107769330248,1.0
0.47805259904426184,1.7992346500121987,1.1255574224947427,1.0
0.35687973355919245,0.2678148109437699,0.4198468192651128,1.0
0.1913984225894944,0.7345386688266504,0.46005831927619123,1.0
1.055516188404517,0.3330255693513243,1.0024492886342395,1.0
0.23468199849889107,0.9572332058701453,0.09611443397484205,1.0
0.7714507106837003,1.3766901980258768,0.9510480022506692,1.0
0.029123785131125898,0.10519311360926095,-0.07741941020929975,1.0
0.20970846093253892,0.13775364777551213,1.103725887046135,1.0
0.36633282992852567,1.228205331833735,1.1708853876664231,1.0
1.3050481969914567,0.8012157806129528,0.7848471566481499,1.0
0.6333783150940134,0.19881848198954136,0.3307979870479061,1.0
1.0319066089392654,0.31959184402087715,0.5457741479024959,1.0
0.21464177691818304,1.2519822736080917,1.1139468883026398,1.0
0.5454933661342006,0.9652850180986937,0.8088366154246605,1.0
0.034848562425741164,0.5569091043337434,-0.04302665710403007,1.0
1.284584562090765,0.21802781570779517,1.0120063929113146,1.0
0.04077373929337985,0.09527513467606856,1.4142985323659731,1.0
2.3619277909078042,1.4778321431843353,0.31836218888403717,1.0
0.3887721724988875,2.7037644574560584,0.33915646466073524,1.0
1.799576986263429,0.19322900141041982,0.5262423389587032,1.0
0.8939552738033039,1.398701747187393,0.4072464214090677,1.0
0.013430925964836887,0.26542507454883635,0.1185423465713956,1.0
0.6553913161432713,1.0753643699119881,0.489488871862015,1.0
0.7961793288146233,0.9532023872448467,1.3595598673527198,1.0
2.1597580784315435,1.4436779997772673,0.40381775446160634,1.0
0.501781626194891,0.3203521592639782,2.8174030798474905,1.0
0.21679780310117192,0.7858934951350268,0.166163922124054,1.0
1.2649359269600235,0.932503429166035,0.6350384570428665,1.0
0.1798944414332474,0.44602651934590304,-0.06046952918659888,1.0
1.9549877958616113,0.9738946168342172,0.23447087063285654,1.0
0.3488903828215725,0.7808995780185073,0.947883925340552,1.0
0.7244586354753084,-0.10437680013170406,1.1640215635134237,1.0
0.09031632939467454,0.4280770975988996,0.6465785409694625,1.0
0.0550980519383136,0.6632368901673047,0.1163090621152674,1.0
0.7674278228338276,2.338748804234113,0.1801690202502453,1.0
0.7776068481395109,0.36653693706718826,0.1471937528534982,1.0
0.7524064290356813,0.16809784088265908,1.8051648773931108,1.0
0.059927596990187196,0.2541771552630598,0.7472075532144549,1.0
0.5016737395806553,0.15780564908809327,1.8761174280381896,1.0
0.5439756578802245,2.197436403519662,0.4138909355020421,1.0
0.5997000192287579,0.6714964425255356,1.3134881085277288,1.0
1.1207110170340033,-0.10715579702218345,0.22271098194254352,1.0
0.3972070972143491,2.3250399127921884,1.4743325696777951,1.0
1.1113244141034848,0.7580945058506134,0.5134312138846855,1.0
0.20535511364733297,0.22565650677958377,0.20389088953856155,1.0
0.12828390249065247,1.1628236350004408,1.3853512526696095,1.0
1.733329880291106,0.9355038384493083,1.1111513170069705,1.0
0.31287866425435806,0.8895878521969138,0.3475893510122201,1.0
0.7251538167059024,2.0432515700038643,2.6473930140038595,1.0
1.4590854324799687,0.7396904172174655,0.5904292380120796,1.0
-0.13083649604277953,1.534897684904407,1.151721587770821,1.0
0.9653789939470998,0.9267330625257335,0.8840784257038757,1.0
0.5147253290195399,0.7681345934937664,0.2080423401049531,1.0
1.6948142327595535,0.058552623973058306,0.3726288378025501,1.0
0.27972123457958914,0.9788938742900286,0.9731104284922831,1.0
0.4333121259172018,0.2536666633093636,0.2413793555266829,1.0
0.02704593338616628,1.315155125170971,0.14063949577163012,1.0
0.5832086364433497,2.101781469669149,0.12353223358738386,1.0
1.2092701476166696,2.1452146037773248,1.0704710368540238,1.0
1.32356153640113,0.29884876122485243,3.1184377459815535,1.0
0.7299254412221546,1.6026425620559963,1.3290027575102705,1.0
0.8511561601202755,1.9396998186361891,-0.00490924905912269,1.0
0.26046562105548093,0.9065162958952243,0.43795516841034965,1.0
0.7526616277668,-0.07809370229563845,0.2297779528028247,1.0
0.6479492893392614,0.9990775076235515,0.969064238880603,1.0
0.4451875494808557,1.5601295454665494,1.0448420509963918,1.0
-0.09564936553903504,0.3347723702692872,0.3165208184065251,1.0
0.19116629947824978,0.2852286063254488,0.17804382332556792,1.0
1.9993102293336693,0.48687304890938843,0.529521126114326,1.0
0.2783710126356514,1.3748069467753494,0.8363530779655284,1.0
1.6337706530919387,1.3962183830737551,3.1702092869940737,1.0
-0.001109768018066436,0.25430931147909347,0.18320669269153683,1.0
0.7487491858838288,1.3778835952205633,0.8901783516143003,1.0
0.37937462448510795,0.35983915816307943,0.6948527526460458,1.0
0.015358999103580486,0.45881424353692835,0.7540824370122196,1.0
0.7802253933608889,1.1171809075528287,1.393705862777346,1.0
0.6379434708691866,1.6082387222306092,0.6301711233330154,1.0
0.849175115263196,0.9715843728852971,0.03982748615427153,1.0
0.26946674178645696,1.27790714912754,0.9478669495864245,1.0
0.22616396291185298,1.5739473882549269,0.5531774803100623,1.0
0.38446261689050776,0.09526420623573104,0.15722591871974384,1.0
0.5744871467970574,0.4837688676815717,0.07666325854611739,1.0
0.42436683231525235,2.0747447926749354,1.3599852655203017,1.0
1.1772143829174782,0.42596118939528815,0.4914055243922104,1.0
2.1592948267573204,0.604542408571177,1.2032136909066002,1.0
0.8908809996238292,1.0337593088957633,1.5232862389162773,1.0
0.7579753755993993,0.4343702612541927,0.7141219202442689,1.0
0.6641611587870154,-0.07389411587736122,0.4799684294037805,1.0
0.9555968693043513,1.1123474586989048,0.3667729247756832,1.0
0.5239428858705842,0.3418837353373875,1.9546452033856812,1.0
0.3047465038526502,0.6273093189932617,0.7831463926306167,1.0
0.01530704407163222,0.14110839287052243,0.4227989412358641,1.0
0.8905890553652667,0.2774834749542245,1.0956728582773096,1.0
1.6185528420171638,1.0822926291919472,2.3397861401420466,1.0
0.2541451963095924,2.726450189814999,0.42416783743025754,1.0
2.4018262644218513,0.77550538663267,0.32613835416411424,1.0
0.6348505235354578,0.8776769431173391,2.1175550901150415,1.0
1.0406112175439874,1.0219403737950221,0.6498914334565092,1.0
1.2914005312707109,0.8634878901533213,0.21456505211099913,1.0
0.37993315223905116,0.28269616363063854,-0.04908993340444073,1.0
2.261394808873838,1.876582056488587,0.029784016042508174,1.0
1.2338984363674197,0.5203520092885817,1.040605286798945,1.0
0.4330339464633824,0.44386724935429756,0.2826399702783447,1.0
0.827229690600952,1.7674873185978957,1.142258726925438,1.0
2.2865611725814885,1.09867474322641,0.5602325001047487,1.0
1.1901902633924433,2.565752024719548,1.6228949928994305,1.0
0.9945360185544329,0.3713566665271243,1.4786836566526922,1.0
0.7905088786789461,1.0018373905452076,-0.03699555888686922,1.0
1.5570236578153247,0.5093368940016728,0.00440737416218049,1.0
0.30616111101238697,0.3780407934882003,0.2686566722956074,1.0
1.0558542763772771,0.7244290565926126,1.280127520803234,1.0
2.7395411909483305,0.858005415940286,0.2597808775944428,1.0
0.6569211109014393,1.2249236943318615,0.2786451938652743,1.0
2.1262647305277764,0.6269039442346881,0.782152688959186,1.0
0.4253717647616047,0.5815570934556353,0.5438784671276828,1.0
0.34944460252483156,1.0562275966092125,1.217171046449446,1.0
0.3868545419699773,0.291958048453442,1.0619669702759953,1.0
0.6555598621789829,1.2670573062338946,1.7363797509577859,1.0
1.4205516775115266,0.24579876140397014,-0.1486263037113854,1.0
0.13585895818849308,0.7870360095293973,0.4302606839665156,1.0
-0.17012897444598135,0.5569050343098655,0.7061765336013177,1.0
-0.13071843140773712,0.2586600928552555,0.4162600013119998,1.0
0.14289457296460278,0.6473557347065859,-0.012872764047389868,1.0
1.6528608566796543,0.6582570215113696,1.2058893671978974,1.0
0.14846291712375861,1.8443566706367864,1.419206796468646,1.0
1.7853851232172504,0.5270300641474733,0.23748805165889253,1.0
0.9265966336922689,0.5580475367580561,2.362099552305683,1.0
0.4901344094646128,0.12868287848126964,0.6106781737222472,1.0
0.2608693100456711,1.0881082065909786,0.9167948068411721,1.0
1.252937085075763,0.02234718854843003,0.2713532237339915,1.0
0.4647810625174027,2.310476241488728,1.0787901663918578,1.0
2.4008708301347594,0.28329516186548054,0.11830153050570127,1.0
0.2926158776188573,0.14679020590439698,0.32578366836738126,1.0
0.11045384711543385,0.1522663164426109,0.3117311831252286,1.0
1.0410225154508301,0.705835019796996,1.9371393182296044,1.0
1.716438220288779,0.3758358177022762,0.6090962909631195,1.0
1.063491716643895,0.6272478751953002,0.3315031751559775,1.0
0.3650796159112177,0.9419255790381831,0.45450216861311016,1.0
