x1,x2,class
-3.337589137487191,-1.907807557877391,0
-3.0722593353577587,-0.8603850107795019,0
-3.3962099604999807,-0.41360553342164424,0
-3.15398076481952,1.8876876573401904,0
-3.946807333476893,0.5565531245337582,0
-2.893353146313531,-1.3354815690998914,0
-2.999397262318888,0.486036289417637,0
-3.4085443155340953,-1.5473039889383655,0
-2.6703771657837976,1.0826910538870733,0
-2.531214931186721,-0.4711246518178786,0
-3.803779932184487,-0.09363618873917084,0
-3.3813623892831073,1.32579664754219,0
-3.384571174893649,-1.28716356858425,0
-3.4699515505544323,-1.3971181851129912,0
-2.5852625790341257,-0.5835993263460049,0
-3.0969130693864018,1.0383788510193166,0
-3.1322574206553053,-1.5193460754768424,0
-4.001931182203377,-2.832155598110569,0
-2.6822909848953866,-0.4511588584089988,0
-3.619629197426736,0.5517407999109204,0
-2.970033684866836,1.2002617497388293,0
-2.8613115310209043,-0.463161362085399,0
-2.3196707020806744,-0.41142660711600243,0
-3.654410199559556,1.1539007342557472,0
-4.509756077910413,-1.8697416996954206,0
-2.9080752276231525,-0.38852077518300926,0
-2.099744409244573,0.19042388992505774,0
-2.3805268235302814,0.44921872128503426,0
-2.895170292362687,-0.5098066931908826,0
-3.2458180928160236,0.03444101170584135,0
-2.596438701681345,-2.4883273534129895,0
-3.4867730998522344,-0.6582484123338483,0
-2.7618211153218906,0.4535087125544674,0
-2.7472649204166864,-0.9822940342546795,0
-2.46989504625056,0.058984221589597374,0
-1.6201699805444612,0.446872500802698,0
-2.8037920164106165,-0.34254920085776497,0
-3.2544818128537494,0.1704637709965709,0
-3.0127871560959973,-0.9627325652846123,0
-3.884537952444559,-0.20661127969604665,0
-3.347356565544529,0.6102161695892225,0
-3.204641219056552,0.15697296096843422,0
-3.2620441989672964,-0.5865312695639355,0
-2.923822563983139,0.224216404290793,0
-3.4112099661911004,0.714609790636618,0
-2.4394846663377643,-2.049941278577478,0
-2.9998964675409017,1.1590740649558977,0
-3.004650160569307,-0.336254738681072,0
-3.163947358256459,0.42548993324023027,0
-2.9224046580705103,1.197246923645228,0
-2.5874508676661825,-1.371673697230466,0
-3.43356510785545,-0.7094410024275466,0
-3.329058244537628,-0.2885486958757048,0
-3.1518630143883324,-0.7837535211244283,0
-3.6729354617366075,1.7349365758368085,0
-3.409628929860749,-0.8567720938267928,0
-3.2381104367723297,-0.5555467794868666,0
-2.5628054096436363,0.20438903160297678,0
-2.8687193354990375,-1.2021495260760888,0
-2.903205044316228,-0.39568071175626385,0
-2.574551018916014,0.31745326125017514,0
-3.068685894199698,-0.33286040438251124,0
-2.804767575035555,-0.09338685889994829,0
-3.051610876466248,-0.5293321124483709,0
-2.8673188253001856,-1.514470309180767,0
-3.291379328805791,0.32159321133923857,0
-4.219408579138214,1.7549330716472415,0
-3.067139581093152,0.01840163078343813,0
-2.2886259319500297,0.22526411724754952,0
-2.536892298879204,0.6927227551168594,0
-2.5173012577044145,-1.2693304965466992,0
-2.381934639096891,1.7025146581296056,0
-2.9556712045192812,0.20232879642280202,0
-2.901342146297202,1.631856899089109,0
-3.308825947717175,-0.7330329955239894,0
-3.1580364280135247,1.8180619225578247,0
-2.692114425114429,0.7751554940347831,0
-2.398057781415592,0.5530400858523584,0
-3.0697231378404997,0.23402445435314795,0
-3.225094632425706,-0.24852861807444937,0
-2.999736020571701,1.2005316584738726,0
-2.6993966255354427,0.14035986984804696,0
-3.721927408066771,-1.9670697035871523,0
-4.148090476568619,-1.1171864617070024,0
-3.275268424745792,-0.1858457521927473,0
-3.6103562129570794,0.3099989831655551,0
-3.2540700988236555,-0.05658848889989584,0
-3.0738901594087356,1.2189707897936632,0
-3.2266242045115066,-1.9511018640386248,0
-2.2737662327646273,0.1435879365051602,0
-2.83662761769884,-1.8179792253871547,0
-2.8497628201945857,0.7597122954841684,0
-2.688896427978299,-0.09445871444200275,0
-3.5694165588903846,0.41960997202411815,0
-2.4804441062898657,-0.8638829605897661,0
-3.03788214326773,1.279464931657751,0
-2.664759691379394,1.0417246640588513,0
-3.535928616520078,0.5835443030118876,0
-3.776879383008032,-0.12951724686344077,0
-2.591055170987486,0.5798572852951321,0
-2.811795236951242,-0.7068925679873489,0
-3.451025777178755,0.8555556590207121,0
-3.4348315406373473,1.649480894323921,0
-2.437282607792615,1.0706105599791862,0
-3.594705946433664,-0.7296024698074095,0
-2.1786635233720184,0.3614173172731029,0
-3.4503103673239344,-1.2931415437586478,0
-2.6808040371958084,0.5723903111756757,0
-3.1643092378744924,0.45060341286253885,0
-2.6984062844588284,-1.869816339532164,0
-3.2720570010570964,-1.1617838439123638,0
-3.081396453036147,-0.28313889674376713,0
-2.9795404123021396,-0.30085974714082625,0
-3.501093727890736,-1.2094769354188053,0
-2.629587827289937,0.38897872935218375,0
-3.256606783235793,0.2514736089405121,0
-3.1142999576700094,-0.1942691319785193,0
-3.497174687304256,-0.7557915001583629,0
-4.281166829397655,1.0487071264165635,0
-3.0955138813000844,1.6554071130882952,0
-1.793692289193542,-0.4835614838465371,0
-2.6076978560509882,-0.6121669171548207,0
-3.009630189867197,0.4912076654119963,0
-3.131445414604134,-0.35802937974698623,0
-2.988767053593977,-0.13939720066323416,0
-2.726440442412395,0.7396531517246714,0
-3.5904064076544224,-1.9093560875072928,0
-2.442839152665564,1.3183023248526693,0
-2.642309342279378,0.07268052432934134,0
-2.6409071371460326,-0.4114931445621802,0
-2.780762130595136,-0.08923415422144892,0
-2.990191671153005,-0.03757064497948127,0
-2.66356938201659,-1.7312013034449254,0
-2.704092933129311,1.494938227453236,0
-3.177020355470512,0.041325632270618466,0
-3.2868008864484506,0.4430021304473752,0
-2.9490718523690065,0.9515497705740428,0
-2.225489924252406,-1.0211624575603002,0
-3.6195535378269503,0.47347189903522846,0
-3.73376263287622,-0.26764109089879357,0
-2.9176195793817414,0.8467707752164937,0
-2.974556149071991,-2.1272274203514954,0
-2.913329167814796,-0.099094300241269,0
-2.8780234010457497,-0.6028206557839616,0
-3.1116011273174027,0.4322629506341555,0
-2.255068280698959,0.47004418736820214,0
-3.8004519892382578,-0.7076258948220261,0
-3.414248512390123,-0.7121738641760436,0
-3.0516273800745237,-0.11066536855732945,0
-3.8215944055770836,-0.8966422273152082,0
-3.0879272022160356,0.8419836954521269,0
-2.169264917135991,-0.36920720044744615,0
-2.989556755852019,-2.9069882193216414,0
-2.884649547140658,-0.3748220566218061,0
-3.63008238258629,-1.0385438208439723,0
-3.3081807040197386,-1.6312758154609455,0
-3.1875981901619683,-1.2374266382225725,0
-3.158857548378117,0.10940847183297006,0
-2.3591781024981158,1.3286408282482312,0
-2.7211544696374377,0.31318447386498,0
-3.555728978468516,-0.6065033882157397,0
-2.8767476107839975,0.4559041951707027,0
-2.7508891257516073,-0.45909031021899177,0
-2.429925480739367,-0.6946003691631446,0
-2.209729656715813,-1.1543626682329844,0
-3.5075470959139343,-1.7518288067517191,0
-3.4054287556051692,-0.3899237065594453,0
-3.628788929457308,0.15805348992013185,0
-3.1170099295534905,-0.09662367001488972,0
-2.7668208127768326,-0.4159669279473586,0
-2.506332741705449,-0.9457460606967811,0
-3.0379755118212612,0.6082461916849685,0
-3.159923761627422,-1.317131919946585,0
-2.92412100387563,0.7760279138434754,0
-3.4175714508150117,-1.0022170189267248,0
-1.9552306391526133,-0.752435237353035,0
-3.8038305135590296,-1.466785190615677,0
-2.9076297105521376,-0.5014021468856367,0
-1.9881968903851803,0.9753124584779789,0
-2.996600077720001,0.5156280884439565,0
-3.0950195175007473,0.9784221120280351,0
-3.1787227114052135,0.5221425459339358,0
-3.090195840881204,-1.1036698285303692,0
-2.313575762661735,-0.33078922432755736,0
-4.105930955664753,-0.7801991291174627,0
-2.2332831493518372,1.3305749040390402,0
-3.7119785762250723,-1.1967886464263116,0
-3.1333261646172073,0.8936976893891109,0
-3.214622210149331,0.8929538701087693,0
-2.70572336511464,1.8296202017160872,0
-3.7990621759418737,-0.40968659262949736,0
-2.7689136669590284,0.7123221595801621,0
-1.9878451883565738,2.2816518365388427,0
-3.6815870022964052,-0.6176416769336966,0
-2.905146916194802,-1.5350402475323597,0
-3.3309910888983048,-1.8800100339077637,0
-2.7870563969034823,0.7127120288613313,0
-2.9904261112921238,-1.8831502080585838,0
-3.320743454522155,-0.37231905293792283,0
-2.756063857564463,0.4373131870389607,0
-2.0978259451066283,0.18517553682991406,0
-3.095451895863649,0.42544486418417227,0
-2.640121028925909,0.22228985580085406,0
-3.646636478935582,1.2788658133133932,0
-3.4782181884090044,-0.952316380738797,0
-2.763796861059811,-0.6769951384585313,0
-2.2579419857320175,-0.772659445270824,0
-2.82219332560717,0.8301918118626102,0
-3.1565290152615773,0.9003985883950636,0
-3.000354297288323,0.4512253193185082,0
-3.625203866984859,1.1834936668899279,0
-2.6977423368223166,-1.1780408673763807,0
-2.558833468838295,1.667224111551137,0
-3.22604516641654,1.5232386217122582,0
-3.235021073879751,0.7356219972457467,0
-2.867060885173976,1.78179890877106,0
-3.218359868020298,-1.6566232076777738,0
-3.0330663073129114,-0.5244481362626519,0
-1.9501391054167423,-0.7353034606819523,0
-3.1235128503729985,0.7214793237573432,0
-3.179170076010611,-1.0501407396021456,0
-3.3237709028175795,0.7574951493374855,0
-2.6279040142500314,1.3705361439967134,0
-3.0906120866090516,0.6952029000839993,0
-3.324686519160713,0.2837510236615011,0
-2.339347983863494,-0.9878733409007492,0
-2.2901984977431815,-0.8468509661253646,0
-3.3002117828693525,1.2496189052966666,0
-3.9332699756803082,0.7793490039053323,0
-2.496243155081539,-0.03901951937754412,0
-3.342314912880002,-0.41790954576589057,0
-2.6046872004186157,-2.025807873111377,0
-3.985051908855918,-1.0708524186844388,0
-2.5537013308503456,1.9114190871397234,0
-3.6055859646403907,-1.2804555710024668,0
-2.634617940466738,0.18947982122108065,0
-2.9928634660817828,1.0074439731951985,0
-3.4769697096983223,-1.2549226680022925,0
-3.20351815646339,0.1847104747810833,0
-2.6568407715216495,0.937915537510655,0
-2.947052773442383,0.012499321907250335,0
-2.707793509763758,2.8684030556667683,0
-2.0117797077422575,-1.6685992588781953,0
-3.782120805855526,1.0587285298838789,0
-2.191393712515688,-0.17280173739646437,0
-2.9478220312383936,0.7719201548366751,0
-3.449392024161564,0.44130715169924584,0
-3.665156812869495,-0.7331561971099966,0
-3.094560195388517,0.22899639245934025,0
-2.53917494403777,-1.8579014513982872,0
-3.063774560188767,0.6032475005713938,0
-2.2444225348763265,0.29815846599052565,0
-3.7255878450257796,0.6386601686431024,0
-3.006044473923027,1.0581183250871502,0
-3.6261967222065596,0.3676198402097109,0
-2.818184058687516,0.1480894197982762,0
-2.55655630495135,-0.8810683366612923,0
-3.2103808968405265,-0.712220763649051,0
-4.302106928313567,1.186734620177331,0
-2.9005259266017527,1.4363354057059785,0
-2.781630724133245,-0.23811043631205406,0
-2.797852622519151,0.04600274725327412,0
-2.382108904088923,-0.9046143749937661,0
-3.5355268398245245,1.1727568452674448,0
-2.659891947274775,0.6654168236917787,0
-2.4037462437610126,1.9412174364637491,0
-3.8892937920032584,-0.8783230771797389,0
-2.8401740870405114,-0.3780078990182172,0
-3.2520899155038356,0.2314459225255723,0
-3.040761336550823,0.6464895377257707,0
-2.826161758230832,-0.21566763754763232,0
-3.243614282056776,-0.8729610904537004,0
-3.337854039580806,0.8814075289235711,0
-2.982923791255988,0.7211353625455816,0
-3.5436229694314014,-0.9162741005637249,0
-3.5429125644425925,1.3554428011054958,0
-2.660313358521748,1.1701987091966037,0
-3.574397017579328,0.13429649724779288,0
-2.666843749545394,0.07959786237603639,0
-2.7687043535730242,0.5540577711159071,0
-3.862903364395298,-0.8617030702562581,0
-3.3387823261678276,0.03003147916408217,0
-2.4029452984763138,-2.1523835446091804,0
-3.4905827655698407,0.8764556455029355,0
-3.232202131154694,-1.5614932224418594,0
-2.7689695533740517,1.503419828428999,0
-2.6083047453587023,-0.3301200939664503,0
-3.125769443022248,-0.2116669819311769,0
-3.2987550973458206,-0.6277339060845056,0
-2.288815069150746,-0.2880388739220764,0
-2.1305501681012107,1.4185313451480366,0
-2.5105709746091023,-2.4878086565350794,0
-2.957340928717488,1.2769653860881878,0
-3.404132860820463,0.33802348110170816,0
-3.4152222032782826,-1.2070216478572156,0
-2.7387429473671214,-1.0753123930492379,0
-2.790800889555658,1.676393027208203,0
-2.299200703526785,-0.9455068799427312,0
-2.6747749537319305,-1.1533505105959594,0
-3.751540150879909,1.1373145423647293,0
-2.474026191138541,0.33855287628591424,0
-3.4990303136572063,-0.9379255765363989,0
-3.1919856359761756,0.216624975404619,0
-2.874899896874153,-1.0257526836402773,0
-2.0021662551080177,1.1008213984226052,0
-1.4450407219973196,1.0613709648731335,0
-2.6966384704319086,0.5320061988219431,0
-3.0915983093601938,0.3616610612470166,0
-2.732747175759725,1.7611881248673737,0
-2.556172287063082,-0.0003136726117747121,0
-3.160333812778596,-1.1818741254208012,0
-2.102394322043839,0.44947391283230687,0
-2.884964620404299,2.0860470495371137,0
-2.7511284554543027,-1.0147594931858521,0
-2.6670378739727694,-0.36146276669398575,0
-2.7892066946927723,0.41644603810145264,0
-2.580529749765194,-0.05390484900573916,0
-3.3086265932734618,-0.9823035803773146,0
-3.279150876973015,1.1218578562304709,0
-3.5500771164858476,2.3200407220172594,0
-2.7802493846898866,0.19613145902390733,0
-2.610531748243943,-0.9040682897360003,0
-2.771113566924057,-1.548960525053475,0
-2.1627537833262314,0.2579759812211809,0
-3.0027980094145232,1.1038773433162576,0
-2.6656291722037437,0.4751677464953816,0
-3.545850438069657,-0.002403840918853844,0
-3.1935498512372007,-0.5892716517893062,0
-2.6522311212171115,-1.0921636327180897,0
-2.575448944628428,0.8347513263248821,0
-3.146983473832091,0.9137716213855857,0
-3.0357996259290334,-1.5457297866907331,0
-3.7589368733404047,1.5898389781806839,0
-3.1785146004033047,0.5740712208940013,0
-2.554808418240107,1.3995946451457935,0
-2.712397491946717,-1.342127748485115,0
-2.749667139309395,-1.365824155415439,0
-2.97511315640952,-0.14896930976729691,0
-2.9964684206859116,0.5027844268951942,0
-3.3301605697367234,1.7963608229269636,0
-2.6505857898987326,0.7060789138151315,0
-2.789513527805305,-0.24268127681203333,0
-2.7539905760036003,-1.0263692076658921,0
-3.26301742133379,1.23000057271915,0
-4.076671459935622,-0.9647054257507148,0
-2.4514236441231523,1.6284685547723217,0
-3.239418728004202,-0.28438464960650933,0
-3.43138788202156,1.5905820726178503,0
-2.653260544043003,0.6789312900592783,0
-3.1960063199595647,-0.13699548944245826,0
-2.470031807976689,-0.5193963718261266,0
-2.6914970252116515,-0.3409078773460798,0
-2.6582153383997613,0.4283166923752375,0
-3.6829778556002672,0.07715649621771674,0
-2.3940280073067997,-0.5938114080687051,0
-2.869374734383072,-0.16563141031763223,0
-3.1846385696231017,0.0785770297191498,0
-2.9283057663288745,-2.128734094414812,0
-3.88811761644916,0.4581681147886987,0
-2.7956735942596644,-0.9797212247168068,0
-3.514685754091036,-1.153332403205745,0
-3.676335142921767,-1.6873443471107104,0
-3.7611795931089453,-1.7938924978678903,0
-2.443655812505037,-1.3554475031122892,0
-3.3146316968463942,-0.7090209576304904,0
-2.23313614504175,1.9532591375265682,0
-3.267900731526149,-0.5258796758952039,0
-3.8536789787964736,0.17775010626803134,0
-3.5582622199743295,0.4004813865063287,0
-2.382094189996531,0.13106518621584873,0
-3.077949088968334,-0.07744346072599365,0
-3.2741436482453006,-1.1952937635992447,0
-2.919990887073606,1.4509275482792119,0
-2.7491086319162275,1.8071966436378852,0
-2.4413005920487696,-1.6826586941226858,0
-2.275750385053537,-1.0240285908863795,0
-3.179884322894543,-0.2798103423770061,0
-3.663023843041019,-0.9645377949101913,0
-3.206732580561638,0.5059655534558652,0
-2.869859746708557,-0.7282722024066131,0
-3.4818794631053054,2.1650560678066024,0
-3.4785754574475214,1.190548594343596,0
-2.8281060592250573,0.2125740306322149,0
-3.024326175785226,1.0269862633197322,0
-2.983601502294207,1.105900424357309,0
-3.3792476673500347,-0.5639474880582432,0
-3.1152003571028835,-0.8162172445419648,0
-3.462116572134152,0.07814306296964744,0
-2.5549007944376068,0.861636124497944,0
-2.4823753326381235,0.13906039865341766,0
-3.923093931119047,-1.5769964821909972,0
-3.464755430096205,-0.8028244439508423,0
-3.7482646275450398,-0.07397286359437803,0
-3.3250119672034493,-0.07566560432583026,0
-3.0417189848951804,1.9725421767898081,0
-3.724822609849265,-1.385987942398998,0
-3.4609299065626566,0.5055892418358746,0
-3.5019786860407494,1.4891131083282896,0
-2.8963663353005282,2.271449745422796,0
-2.9653278314818747,-0.40439742318396127,0
-3.3608687766686267,0.4914294527201998,0
-2.911589563930301,0.5697603571986469,0
-3.2733400422936327,0.19548173155329082,0
-3.1358275551630266,-0.09884520123930605,0
-2.1632739548507316,0.4359753895000459,0
-2.3297694741048263,-2.5322460852196853,0
-3.6497906184637987,0.6820694900626313,0
-2.5851337910604126,0.12617790366196718,0
-2.594301722754204,-0.22247489677826537,0
-3.574131644376309,2.046862195719558,0
-2.5906111781225696,-0.6749340187905523,0
-2.2310340407937237,-0.4030759890650308,0
-3.561272403122207,1.991553302204734,0
-3.4587514105071318,-0.8320613048498566,0
-2.4911692665782486,-0.5501152829365389,0
-2.864252344587176,-0.14702542343084998,0
-2.7242618623802386,0.8407344821295493,0
-2.8297053917997514,0.2078025073533134,0
-2.804652039535928,-1.2926253471522626,0
-3.6632360641555417,-0.5321685631271895,0
-2.476341146689276,-0.6073544332122114,0
-2.415205003786113,-0.07722104522304557,0
-3.114695372034014,0.4258436586298291,0
-3.021738474906931,0.4182057558879721,0
-3.765553751277861,-1.7760117540484022,0
-2.7428726219910824,1.063940987560856,0
-2.713971279142928,0.2525688459966235,0
-3.0310955084996554,1.3845320475939062,0
-2.4378233200647488,0.4441983272906719,0
-3.1670386154899703,1.1013229577357622,0
-2.7176970370532,0.46654531145012695,0
-3.509832169346058,1.3462257562027482,0
-3.011776075437119,0.5222506360177785,0
-3.087177128951418,-0.09791524644290406,0
-2.8873460389795294,2.2724347204468818,0
-3.184763464416679,0.8890371222798921,0
-3.065736297835834,0.5737444210044131,0
-2.586976414279247,-1.276304416538336,0
-3.218382118619109,-1.2883076174635377,0
-3.8032885503693397,0.2927154821418534,0
-2.1252080478972895,0.1455211977682408,0
-2.3092729606547566,-0.6141225650083162,0
-3.646131347552809,0.14098269961206,0
-2.655146097377403,1.5886269280435958,0
-3.2514873852756714,0.6954024745502987,0
-2.8682563923344704,-1.1410085097527383,0
-2.852887935493253,-0.1115088271429437,0
-3.117203900158161,-0.8049664808525608,0
-3.3918828327931982,-0.38769991640856116,0
-3.3452705261581297,-0.41361566562964275,0
-3.458095957740621,-0.4776455826040052,0
-3.4159111041152226,-1.2551353719733949,0
-3.0335891450246777,-0.12765468151819012,0
-3.357879994555376,-0.56060763684731,0
-2.65897396714369,-2.929448690002268,0
-2.2563769223320365,2.052972024501663,0
-3.2900266206850217,1.088769654216672,0
-2.8802977497323115,-0.37630072492499606,0
-2.750157444848533,0.018819049740598424,0
-2.763998864540363,-1.1716543473175618,0
-2.9620223660419565,1.6957228778108653,0
-2.628658790820139,1.8972886947731116,0
-2.7588755236596714,0.1566937282465246,0
-3.618831211163649,1.0235306441853447,0
-2.5654219678053636,0.17528677893392386,0
-2.556354581366629,-1.3367254388759306,0
-3.3816430520892906,-0.4118233689636573,0
-2.981031082276199,0.13192796677195706,0
-2.6583355035944654,-0.4545477187434442,0
-3.104656909789681,-0.218653277435036,0
-2.463510976116994,-0.09139955750911445,0
-1.8180637526903196,-0.08087849786546131,0
-3.392993016317491,0.05225849049748321,0
-3.6905223015768875,-1.060605066396601,0
-2.8480907021975623,-0.7170161491279362,0
-2.6392187474369284,-1.2845842656999693,0
-3.1154331869223846,0.9778155496862003,0
-2.273369668339483,-2.1056469418403245,0
-3.6693028998616244,1.1535903433169254,0
-2.6535406884841946,1.3863493972628433,0
-3.302930410379447,-0.3021805869826214,0
-2.1403110468963518,-2.6031370878272986,0
-2.003742323415941,-0.3613105619672905,0
-3.3833282938916738,-0.06418416128881928,0
-3.2747785679542902,-1.0105982199289134,0
-2.570206056510099,-0.5152183938082427,0
-3.1935653248947573,1.5301951988633513,0
-3.022705608966119,0.664927162301741,0
-2.987305789728795,-0.9245641143780999,0
-3.959836578098828,-1.5975991695954321,0
-3.006918873047119,-0.3270173176097711,0
-3.344863887032087,-0.21345677935043825,0
-3.246561411199886,0.4961991873633163,0
-2.278183998265593,-0.535316712567659,0
-3.6282534471396284,0.5114995753618614,0
-2.5933974066260115,1.9351540400602292,0
-3.1394814651659044,0.8155010224442626,0
-3.1398800842479173,-0.048088507330772585,0
-2.6048140519741443,-0.18315047105329468,0
-2.829974352715555,-0.35667313417987123,0
-2.7146935013902347,1.1806409124521446,0
-2.5159076697335694,-0.6273134459513029,0
-3.165654191591661,0.04522270899998256,0
-3.306118367253875,0.05119790188108534,0
-3.542575263278899,-0.501784192811532,0
-3.4127052649894773,-1.3724655478841008,0
-1.5254527873456374,0.32297450361766816,0
-2.377660209631607,-0.06100397185538355,0
-3.6755371831040105,0.5002404694365699,0
-3.661228978371785,-0.5336003064391669,0
-2.759066969140754,1.2208212988130478,0
-2.7263676013110167,-0.8767737812118448,0
-2.7255580823413177,1.7120402840178925,0
-3.127477896776849,-1.7476365098282616,0
-3.0627271300014502,0.43477006455689116,0
-2.8360602379203215,0.47543068252662346,0
-2.9570534968533346,-0.7955570679408823,0
-4.109650186373767,0.4243939378610126,0
-3.114899815287597,1.2795186697601588,0
-3.425703217130157,-2.2168188393540644,0
-2.912394290545744,0.5027448074908146,0
-1.507370498698295,-2.4932708203300775,0
-2.8162591672628476,-0.965664803523208,0
-3.156764843086199,1.6291663649009451,0
-2.539099249011374,-0.581782033392054,0
-2.7586560563953935,-1.1738799644089726,0
-2.7899527547740792,-0.19793772898468187,0
-2.6965747033921645,2.067906338163552,0
-1.9717282175852293,-1.8316822472060261,0
-3.5654442176629577,-1.0513099116393445,0
-2.763183961594273,1.4974316831796264,0
-3.4631905649907693,1.8577023435377324,0
-2.722243676828876,-0.10343122429028392,0
-3.4593432557430472,-1.2390527025266425,0
-3.208683406802542,2.095843501809159,0
-3.1475449571189533,1.5944423917491968,0
-2.5120916403276454,0.678946987762233,0
-2.540772778028793,-0.81240234893742,0
-3.622858688223192,-0.049029340838036735,0
-2.9725329445000757,-0.16036008104483077,0
-3.3547899273745863,0.33085130461557777,0
-3.6292524553376673,1.451001438131336,0
-3.1085085252121853,0.8794170411374032,0
-3.1542413942279097,-1.0773760769847582,0
-1.7866417568272388,1.3764964500195378,0
-2.7835200873196517,0.3131321400131553,0
-3.6888087503771185,0.6870657958589163,0
-3.2823870020854713,1.466540859278603,0
-2.489308352285301,-1.1115802495135512,0
-1.9557786135650375,-0.035825578706462934,0
-3.7929916561189794,-0.531454551359215,0
-3.9399621925695225,-1.5678594253654559,0
-2.064517412314109,0.3467099776049199,0
-2.805192911314548,2.5115565515844236,0
-3.434146365938183,-1.8400777445057528,0
-2.7326854569387824,-0.032280611049470324,0
-4.317873869508439,0.6405429350747734,0
-2.9983122467014196,0.12307820165618115,0
-2.8360894135784576,-0.1131280525157404,0
-2.537864930231085,-1.2992163634458243,0
-3.506947976146269,0.23278674294016363,0
-2.9571564192983204,-0.7567639770159263,0
-3.462712313029794,-2.1899217049785533,0
-2.8723081221628415,1.1945922205137307,0
-3.447673161181512,0.9583858198420424,0
-3.2040504195801103,0.0516609768510798,0
-3.4979076973951146,0.22907468820570256,0
-2.6744318790881714,1.0743180127155614,0
-2.5707744416716674,0.2243396567780826,0
-3.117310284978707,0.9040175547613144,0
-2.9808810025199857,-0.29748220087385013,0
-3.724295707316772,1.3119837385739466,0
-3.1498383240033934,0.3207857259326839,0
-3.0251023085208724,0.19405194360587402,0
-1.6896034544850125,-1.270061088712032,0
-3.5559835128870816,0.2869558543017087,0
-2.267911380623781,-0.8319549174944512,0
-2.501570613267096,-0.6382827265284942,0
-2.8596817977549316,-0.8153756283161211,0
-2.1206897579024333,-1.066234931899225,0
-2.8139472636965683,2.1247714030169615,0
-2.805420402166036,1.3313390619884031,0
-3.026560326508773,1.9203675021442612,0
-2.3882155587906864,-1.222895019555564,0
-2.4517653830945583,0.07125374991089249,0
-3.312838643748106,-1.2935076252040958,0
-3.6596235972993836,-0.695694877197064,0
-3.1014903186978287,-0.9181269834165748,0
-3.4000192821988233,1.2395840064415615,0
-3.0317622873076777,-0.39622967810175985,0
-2.3812809326579303,1.0683793336940164,0
-3.228650827543395,0.604120889588518,0
-3.0214116906557873,2.303638752104789,0
-2.9709886325958026,-1.479444223139724,0
-2.575784558897358,1.259233239786799,0
-4.123444666992302,1.1464408704007276,0
-3.3033501473826483,-0.9733788380270346,0
-2.8943581538602636,1.0071333364731596,0
-2.3999605217865696,0.3361449630262288,0
-3.2459512237531025,-0.22747625995340778,0
-3.938276353020937,-0.8239354869719996,0
-2.6901442770169317,-0.7191094514491859,0
-3.3176811944128146,2.049812095785926,0
-3.594833329545181,0.000682818957482628,0
-3.312172694856612,0.7821300015314592,0
-3.092262678827925,-0.7908993816675531,0
-3.3023723322691065,-0.7798529462216388,0
-4.102783028549535,1.0819848092499422,0
-2.551466901556434,-1.3495762115515322,0
-2.362562479360639,-0.41521376790527154,0
-2.6742390043302473,0.03402741107223205,0
-3.568842835212408,0.11137260184005242,0
-3.100745766973759,-0.17909328501615626,0
-3.003260657614729,0.3958197810959231,0
-2.7006028052190447,0.6928557558178116,0
-2.6658297556409596,0.73463754545933,0
-3.367086899389248,-0.9858038086678267,0
-2.9590022217932197,-0.2841550979287972,0
-2.7713597976923796,1.1947628618769377,0
-2.2720888389266167,0.8946471875738723,0
-2.6477467300876385,-1.372859451481064,0
-2.6054716563122406,0.35147990035220167,0
-2.9580866860353194,-1.9782252493748103,0
-2.294770427398248,0.04693490206036963,0
-2.7951186020202514,1.897767016745977,0
-3.4305439550867853,-0.9478927172689863,0
-2.2983150149374048,-0.8343230454915821,0
-2.651048363730486,0.7640297815728595,0
-3.2215220105642413,-1.542801515209646,0
-3.2397464836996215,-0.6327550298850391,0
-2.851712227429619,0.5964411375817527,0
-2.7684076023662074,-0.6342858476894031,0
-2.9013538671843966,-0.23596998721097162,0
-2.8443456632785575,0.7441857103150346,0
-2.15002131271181,0.42154608353656126,0
-2.464228423882557,0.2668183962954019,0
-2.904682204367488,-0.33912227927003874,0
-2.5293447096162582,0.37006111526895535,0
-3.5162619517637697,-0.12373268009975662,0
-2.8010364750265957,0.45780560992578473,0
-2.095346825133445,-0.49693202511797824,0
-3.109022947696187,-0.18256897437954112,0
-3.4238169643095424,-0.9899577925520139,0
-3.3260444442965302,-0.0350076100062359,0
-3.544816518671194,-0.8110008636288448,0
-3.3923809540638517,-1.1140464501619933,0
-3.1852540492950143,0.25866114785538813,0
-3.702783509589321,0.21273977585766032,0
-2.9921908330251985,0.7828737349485725,0
-2.5488614131066765,-0.43112556957509907,0
-3.4538780900734602,0.4080528468367557,0
-2.2403580381791155,0.5507975722736632,0
-2.7446039557362027,0.44477380783159476,0
-2.4847097071879714,-0.8256536828021421,0
-3.3289172769260684,0.1493634822711889,0
-2.572737386466692,0.36414029605466136,0
-3.5459669501976565,0.007178466907941942,0
-2.5548762495817456,-2.0864776583710847,0
-2.9140803301032343,0.16048962397348007,0
-2.723374390007608,2.212531039397242,0
-3.587797302812426,-0.3600392687569827,0
-3.447534921138302,-0.7280770978553212,0
-2.7013858908733077,0.3733485597113982,0
-3.4741740021121004,0.3123782104665717,0
-2.7683968539504384,1.1927351654164144,0
-3.683568903230123,-1.2578681559088878,0
-2.5759128936666658,0.7313802525749924,0
-3.6162616573842543,0.5904220612514635,0
-2.7238500311602385,-0.1421465369405461,0
-2.6871845331769997,0.33868731792169,0
-3.3483859092147874,1.0294574815983573,0
-2.7089867164576367,0.8723153800284503,0
-2.869778868333222,-1.1430193120737286,0
-3.2694209280963693,0.8201581867554845,0
-3.504277342038104,-0.06468860503251848,0
-3.9813128458362894,0.07287409801551539,0
-2.8251749763501532,0.0731969910016945,0
-3.7824013856810277,-0.15024298879825998,0
-2.952327900279346,1.191707497107065,0
-3.1317241080411247,-0.08371795984921201,0
-2.6604286122809024,-1.1195461283831687,0
-3.151022749744932,-0.39352985596972884,0
-3.1647238931735457,0.1786947168104756,0
-2.634064647855852,1.2292147842970504,0
-2.8324709854579413,0.6030946849488336,0
-2.8419220214086107,-0.8505352787470439,0
-2.765366205095737,2.4851899166788916,0
-3.767786061603553,0.2647753109779796,0
-2.621605660006509,1.2753907379990148,0
-2.693765602993199,-0.15171443357722914,0
-3.5083415642882487,0.5333592447054494,0
-3.1220402368371007,0.8394685045184047,0
-3.0196536438138155,1.218194711754256,0
-3.067248392200866,1.057368305378225,0
-2.8330700167157326,0.8721970000729778,0
-2.2843166090844083,-0.3150867311941086,0
-2.4591166361635857,-0.5717460419560614,0
-3.6561095967157033,0.33260751032419755,0
-2.6889650048469758,0.9331280723410693,0
-2.335533340232295,-0.22272070077660705,0
-2.806595739655399,1.0651719657143865,0
-2.4545097874070168,1.4526167454861794,0
-1.9938647771496174,-0.9163209190734197,0
-2.4881452269465094,-0.8369207037962799,0
-2.8753457021791355,-0.14037505890533644,0
-2.4774557629576233,0.3076126681891964,0
-2.9275560834515546,-0.524567013767051,0
-2.988048478357522,1.3522026788671444,0
-3.175707117856866,0.4240668615184512,0
-2.218293320583946,0.03944704824073949,0
-3.4092143329710005,-1.4359095238685275,0
-2.2338161376609422,-1.3158158164275071,0
-2.7500679381298143,0.2810092502818063,0
-3.6996530874009705,-2.132595626154836,0
-2.8161753535042893,1.0126374096440718,0
-4.050013253825812,-0.1581538443723203,0
-2.687245991584482,3.2430929695947333,0
-2.5573842585055044,2.3079162506161106,0
-3.296177977826027,-0.18144906924751675,0
-2.938226152022209,-0.10633700253131496,0
-2.022921283124857,0.9955815140020298,0
-3.2528733521309685,1.7031726099180378,0
-3.5294537935283,-1.6380290574360168,0
-2.2591682987687007,-1.7863754653546866,0
-2.0187064047346026,-0.6220348055543814,0
-2.9981521640760764,0.5827375831738644,0
-2.494268482295822,0.4968735905075971,0
-2.3292620422345593,1.0697714549838502,0
-3.371242116269192,-1.1996975283653082,0
-3.2426529176839343,-2.3161438629688766,0
-2.3845627434226326,0.8580141953021454,0
-2.1574928606457453,-0.8281962729652346,0
-2.7185595699128227,-2.018487864388638,0
-3.439907176751027,0.14506374595938162,0
-2.0064694441502793,0.7931756882186773,0
-3.265485448905982,-0.12205713212127726,0
-3.1675688905857258,-0.45784838618248924,0
-2.8288310827551895,-0.15936223214590656,0
-2.2229197896426127,-0.37058276240078286,0
-2.573012011723888,-1.3480471119401671,0
-2.7925672498190446,-0.7146806769904318,0
-2.768355734940947,0.5212799050138145,0
-2.978242665678267,0.3216785413765001,0
-2.7209302427407467,0.16805980596682024,0
-4.264780038847151,-0.9951484818533795,0
-3.148303729534899,-0.18150316213566714,0
-2.8793390325416093,-2.1770650464428547,0
-3.5755070418097534,0.17847666388538974,0
-2.80683834109422,1.4288577078135674,0
-3.102235610493061,-1.4741321320421057,0
-2.1222621508422552,-0.5859276733177553,0
-2.2134901373925717,0.32910677871012955,0
-3.2329027845590814,1.2528426344274837,0
-3.0754188557833477,-0.4482246163001494,0
-3.0369737828041963,-0.6922503292658964,0
-3.2258297380798115,-1.9689231424160831,0
-2.9024875079859367,0.10343812930810638,0
-3.379141034443795,2.042076040143744,0
-3.565307667468763,0.2773584619646759,0
-2.6886443880498656,-0.022278979183713316,0
-2.6852352078890944,0.32208231076698546,0
-3.4021578798299963,-0.01109200394860206,0
-2.5523222846187004,-0.8130143722601298,0
-3.315788864582666,0.8232799156777053,0
-2.8734173809810093,0.2257615231117544,0
-2.589827993693772,0.017613251933657315,0
-3.0168062823518564,-0.97536602727825,0
-2.772629543929433,1.3035079319347591,0
-3.2582148219437856,0.6647027453331099,0
-3.0982332917140485,-0.552920837367302,0
-3.1029297154401703,1.0018248536819372,0
-3.3732891732701193,-0.49757083838520716,0
-3.088387081557891,-0.782003492511037,0
-3.7743091494318732,-0.7597031174802871,0
-3.245576873571052,-1.7710685530880912,0
-3.1424377466848354,0.47154238041820573,0
-3.12808987624769,-1.8311448783383502,0
-3.1207487229353896,-1.2284438312657626,0
-3.0308820999300643,-2.0755880090785332,0
-2.760279240956968,-0.08606969279089306,0
-2.562741462933739,-0.15032046027187207,0
-3.3248826134241334,-0.32669621318636405,0
-3.601600427694572,-1.0425776946705763,0
-3.5210222061215513,-1.17223375343664,0
-3.2436014605974637,0.46436986354657417,0
-3.1759606589082545,-0.5505519317084877,0
-3.3849980330987286,0.31635832153614474,0
-3.6480583321249473,-0.8852486861242225,0
-3.228060413737094,0.18106274277108234,0
-2.9092866899430145,1.3032780373160637,0
-2.7024852670822175,0.5861658003927833,0
-3.2787115265541606,-0.4124138182164804,0
-3.206498911071717,0.25719897035592737,0
-3.463349154423655,-0.24066517453021302,0
-3.015719585187388,0.007880184694728152,0
-3.4242143170954074,-0.3256110521485036,0
-2.7134360933794,-0.1643352058853912,0
-3.892933245967056,0.21209335307417523,0
-3.1798148362262313,-0.9933586995819507,0
-2.849446330404129,-1.0158788269899783,0
-2.908082741838748,-1.388542553831211,0
-1.6534831680097517,-1.60027110450371,0
-2.825099987716046,-1.2172826922204794,0
-3.5020272984210052,0.15946250680412918,0
-3.0477321235445367,-0.8927875154918841,0
-3.8881231667332257,0.5136144642310962,0
-3.0402998746483805,0.03471374875256186,0
-3.4165280285003794,-1.9685042134380537,0
-2.542304862219919,0.6549755842216898,0
-3.2747701372977676,0.8107986455917099,0
-3.0583829578976234,-0.9938626748348534,0
-3.3177789207022017,0.4201915428949916,0
-2.1305743240733346,-0.856498237409199,0
-3.160621383058956,0.0976703767483354,0
-2.083721478260399,-1.2644984069549656,0
-2.592924118940867,-1.7931064525345768,0
-2.758966636332307,-0.3828171896129687,0
-2.81563342634124,-0.12372894627483615,0
-2.803101350891874,-0.39767969361460404,0
-3.963836289672805,-1.1840305582225594,0
-3.1394416970753785,-0.3998990621311371,0
-2.577421014407839,0.269294752580734,0
-3.0244485917370527,-0.04489303012253698,0
-3.7025949234017874,0.1825010305992134,0
-3.026202225288735,-0.6701152004542329,0
-2.1479472418722545,1.1717179147161596,0
-2.3765541422326404,-1.1761733365547806,0
-3.0310020046830157,0.4875602970867186,0
-2.5242753614709565,1.1818910929599615,0
-3.183253510184026,0.4809080927488954,0
-3.8519357934133596,-0.20252422706483003,0
-3.4622329940647774,-0.5282970466629792,0
-2.218555615745901,1.036087651046256,0
-3.136996540914652,-1.422974925261673,0
-3.121691989687509,-0.9701242603796436,0
-3.14991909813744,-0.3975577654917214,0
-2.0479317052134967,1.2376537575119981,0
-2.1870205423189684,0.37976763604089603,0
-1.890609883275933,-0.9680457585102453,0
-3.0795226052000255,-0.31030770538490365,0
-2.8521877556264523,-0.6143231440962944,0
-3.7583212747103953,-0.7097889922335351,0
-2.2615327869408626,0.9788895585567792,0
-3.5838897756339674,-1.3717431292635056,0
-2.8916122181186856,1.6087808557343735,0
-3.548651263816422,0.8282296901846228,0
-3.2944334133693483,1.090861670603698,0
-3.41863121552485,-0.4629395120252583,0
-3.303937630337909,-0.14994071907910936,0
-3.2695613515744895,-1.433151814524712,0
-3.2741343974625385,-0.524662407066803,0
-2.5833330441098465,0.4936548476431509,0
-3.55243139653126,1.2960630617813962,0
-2.8897292864930666,-1.1071568168024517,0
-2.3910204238472206,-0.36550593698526584,0
-3.256598182256698,-0.15129922023252232,0
-3.358959445373801,-1.3957892021924851,0
-3.1152623125901253,0.5913492417584003,0
-2.410137395819645,-0.7239903317426091,0
-2.902946184523321,-0.19539035117702397,0
-3.265607147303799,-0.4519493719118777,0
-2.75806167440598,-0.7893385057196743,0
-3.5511460749182118,-0.0070449854805546995,0
-2.659320244778526,-0.21560957856802238,0
-2.795696346149116,-0.37185788227866556,0
-3.153904235569442,-0.7284616216803428,0
-3.4192928992236156,0.31952467078295543,0
-3.4433404611417284,1.653617268492285,0
-2.7325913318270447,0.13988723283912738,0
-2.385509748755469,0.996118214911129,0
-3.3186538735143976,-1.3902219251534627,0
-2.7708066482242577,0.15776143929376948,0
-4.043513509301034,-1.0973683189710666,0
-3.2923088653285997,-1.4769249275319014,0
-3.015529466435451,-0.7393714074590363,0
-3.4548417084909167,1.1918993344135729,0
-3.468253187394798,0.9500158286696456,0
-3.333889778234443,0.24300472205439969,0
-2.8539036358368133,-1.5327005598899308,0
-3.093664509203187,-0.1962806513879368,0
-4.119115616662486,0.30170000890173554,0
-4.060350076317533,0.1755362295785979,0
-3.3034325889285876,-1.8437935834807457,0
-2.771156706973224,-0.8903178480198718,0
-4.373752421362617,-0.06407776414871663,0
-3.2498650880758153,0.5362909095171899,0
-3.2631239282587106,-2.1961278210999464,0
-2.305831110895776,-0.16212397547985843,0
-3.192510905856432,0.14304876987895235,0
-2.808505507629536,0.8496119885162131,0
-2.9293714299562685,0.6928575842374367,0
-4.0652832399036,0.5825713188088052,0
-2.6158963916841316,-0.7999405067019342,0
-2.892301747271856,-1.9080021371233076,0
-2.745865680162705,-0.39305275706140097,0
-1.0368811467818366,1.00163182520856,0
-4.042056469749294,1.3934545275244314,0
-2.1376516751194456,0.7105491022977853,0
-3.143723759700178,0.42934082280173436,0
-2.8563355477984955,0.3796396483859655,0
1.9317316320481368,-0.5561187467607805,1
1.3636454999029346,-0.13006029355362003,1
1.1452506076418618,1.669069525826331,1
2.494263103359514,-0.9425580057918763,1
-0.2757605450075187,1.6147787907098514,1
3.125868751282648,-0.3220281544920584,1
1.3757083926721192,1.3254321090950785,1
0.30489599143946333,-1.4068150094975382,1
1.3249807130062794,0.5859042011646491,1
3.8857238252938595,-0.736770135947622,1
1.1969973694756653,-1.4152671919241875,1
2.5376804273144304,0.21853404241094568,1
0.9035655864267902,1.0094717885959688,1
3.1368827748854295,-0.8449414385934964,1
3.028261608185306,-1.4990159604584012,1
4.772913249944617,-0.09184476433495513,1
1.7366540817511766,-0.08743532877718108,1
3.00298220713686,0.5483196275544987,1
2.147101309308417,0.9495945713644882,1
3.9438076727945215,-0.059415181272494094,1
0.9217514185869045,1.855503314794263,1
3.1175079693159216,0.22423474453529177,1
1.7079540558249775,-0.3464265060068996,1
1.9037177343372533,-1.611567359102828,1
2.1376287266725593,-0.26265952031616774,1
2.378360594640016,-0.33638694541113623,1
1.8256564353170628,0.9603047962814704,1
2.3220697747557897,0.46248362406685406,1
4.367177086343277,-1.1793691216326172,1
3.4781745284228274,0.1722543864110375,1
3.303731888745345,0.6715311717290534,1
1.3166907109641939,1.5280313593878327,1
0.6661387576575135,0.8875039674140593,1
3.4329508373566293,0.7608466543114778,1
3.314070188794691,0.06008599461516361,1
4.209006013626473,0.3883120054234496,1
1.0940290610461556,1.2495049007061587,1
1.6556770169594794,-1.3327773974796497,1
-0.45922624378815113,-0.3494393272169559,1
1.4112933409086907,-0.7725687487562407,1
3.494855765869171,0.3791531187261241,1
1.300256931157703,1.2302221756507876,1
2.9607196928012356,-0.5969742867210739,1
1.714245341003283,-2.390304367469438,1
2.486085542332341,-0.41222074502447015,1
0.278462915276499,0.9134737320174066,1
2.1278141744508514,0.5376299029498797,1
-2.486703956351085,0.4281862478105761,1
1.7196557627570228,-0.27999330187447974,1
-0.4457098655727103,-1.2790307362197864,1
3.8089917748202238,0.5152943216244674,1
3.1661110291467667,-0.8342818100346248,1
2.7000064729491218,2.184096733380456,1
4.2815093407390705,0.570507208354516,1
0.5766252187627441,-0.5806483025539511,1
4.6210447968733375,-0.6113852473886282,1
3.3982873463905774,-0.09294420661358828,1
1.645167069171581,-0.23950192202174977,1
3.703430220774416,1.1168337755299542,1
0.3405597313825486,0.18641616974404632,1
0.7632287577084897,-0.7316317389085281,1
1.0871154151404494,1.8904406851557827,1
1.2065334379039772,0.04930833152022263,1
0.41516353585962085,0.7688396759688968,1
3.8346246006429876,-0.6082265074447593,1
1.6117183994452526,0.3631156277445234,1
2.528757452535319,0.3111099911431952,1
1.144472950379479,-1.889649292096153,1
-0.7309049508227758,2.01527511046064,1
2.4050860375871332,1.2906444609225471,1
-0.8683824631296653,-0.39719531614598763,1
1.897048930871797,-1.1022697404558555,1
-0.052472558249215595,0.34756161380355205,1
4.980913998846212,0.08669769941439659,1
3.3670440832620825,0.3556689485632294,1
2.1586306869072205,0.19157739619408962,1
3.895560016482003,0.5062409893059261,1
0.7305260338013961,1.4473056993918065,1
2.815219068005139,0.5681032051286461,1
2.2997156505780705,-1.0496554989099411,1
2.396030122000505,1.362562852712452,1
3.908530250160152,1.6406145634882874,1
3.0987381541697037,3.152056734512085,1
2.433085494237535,-1.123494033239598,1
-0.482331154342444,0.242882013150275,1
0.5599305570808044,-2.0820987031889873,1
1.8159365996064138,0.5531491563792091,1
2.140058561414977,-0.5482002981667726,1
0.30469441298911426,1.9234457948249533,1
5.6175150133676315,-0.7746149700185819,1
4.2745910828803595,-1.6891830379672617,1
2.903177480588725,-0.47126374070251964,1
2.1080552919256172,-1.9754877712171375,1
1.6816865451482725,0.7510994545073101,1
0.5721223099666466,-2.0650830462563206,1
2.116220777778294,0.02845758118315888,1
2.386628810214126,-2.077811819856197,1
0.1373591367775635,-0.3202978045366419,1
2.5012646258673463,1.643378155804534,1
1.767111426762877,0.36064789143579495,1
