,epsilon,shokri_mi_adv,attack_adv,tpr,fpr,run,dimension
0,0.5,0.3076923076923077,0.6666666666666666,[0.         0.61538462 1.        ],[0.         0.30769231 1.        ],0,2
1,0.5,0.07692307692307693,0.5416666666666666,[0.  0.5 1. ],[0.         0.42307692 1.        ],1,2
2,0.5,0.7692307692307693,0.9545454545454546,[0.         0.80769231 1.        ],[0.         0.03846154 1.        ],2,2
3,0.5,0.8846153846153846,1.0,[0.         0.88461538 1.        ],[0. 0. 1.],3,2
4,0.5,0.3846153846153846,0.8125,[0.  0.5 1. ],[0.         0.11538462 1.        ],4,2
5,0.5,0.6538461538461539,1.0,[0.         0.65384615 1.        ],[0. 0. 1.],5,2
6,0.5,0.46153846153846156,0.8,[0.         0.61538462 1.        ],[0.         0.15384615 1.        ],6,2
7,0.5,0.5769230769230769,0.894736842105263,[0.         0.65384615 1.        ],[0.         0.07692308 1.        ],7,2
8,0.5,0.7307692307692307,1.0,[0.         0.73076923 1.        ],[0. 0. 1.],8,2
9,0.5,0.5384615384615384,0.85,[0.         0.65384615 1.        ],[0.         0.11538462 1.        ],9,2
10,0.7,0.3846153846153846,0.9166666666666666,[0.         0.42307692 1.        ],[0.         0.03846154 1.        ],0,2
11,0.7,0.6923076923076923,0.9500000000000001,[0.         0.73076923 1.        ],[0.         0.03846154 1.        ],1,2
12,0.7,0.8076923076923077,0.8888888888888888,[0.         0.92307692 1.        ],[0.         0.11538462 1.        ],2,2
13,0.7,0.6923076923076923,0.875,[0.         0.80769231 1.        ],[0.         0.11538462 1.        ],3,2
14,0.7,0.5,0.782608695652174,[0.         0.69230769 1.        ],[0.         0.19230769 1.        ],4,2
15,0.7,0.5,0.7241379310344828,[0.         0.80769231 1.        ],[0.         0.30769231 1.        ],5,2
16,0.7,0.19230769230769232,0.6666666666666666,[0.         0.38461538 1.        ],[0.         0.19230769 1.        ],6,2
17,0.7,0.8461538461538461,1.0,[0.         0.84615385 1.        ],[0. 0. 1.],7,2
18,0.7,0.7692307692307693,1.0,[0.         0.76923077 1.        ],[0. 0. 1.],8,2
19,0.7,0.576923076923077,0.8,[0.         0.76923077 1.        ],[0.         0.19230769 1.        ],9,2
20,1.0,0.4615384615384615,0.7307692307692307,[0.         0.73076923 1.        ],[0.         0.26923077 1.        ],0,2
21,1.0,0.6153846153846154,0.8333333333333334,[0.         0.76923077 1.        ],[0.         0.15384615 1.        ],1,2
22,1.0,0.1923076923076923,0.5862068965517241,[0.         0.65384615 1.        ],[0.         0.46153846 1.        ],2,2
23,1.0,0.11538461538461542,0.5517241379310345,[0.         0.61538462 1.        ],[0.  0.5 1. ],3,2
24,1.0,0.2692307692307692,0.6296296296296295,[0.         0.65384615 1.        ],[0.         0.38461538 1.        ],4,2
25,1.0,0.4230769230769231,0.6774193548387097,[0.         0.80769231 1.        ],[0.         0.38461538 1.        ],5,2
26,1.0,0.5,0.8095238095238095,[0.         0.65384615 1.        ],[0.         0.15384615 1.        ],6,2
27,1.0,0.3461538461538462,0.6956521739130436,[0.         0.61538462 1.        ],[0.         0.26923077 1.        ],7,2
28,1.0,0.5384615384615385,0.75,[0.         0.80769231 1.        ],[0.         0.26923077 1.        ],8,2
29,1.0,0.46153846153846156,0.8,[0.         0.61538462 1.        ],[0.         0.15384615 1.        ],9,2
30,1.5,0.19230769230769235,0.5925925925925926,[0.         0.61538462 1.        ],[0.         0.42307692 1.        ],0,2
31,1.5,0.4615384615384615,0.8749999999999999,[0.         0.53846154 1.        ],[0.         0.07692308 1.        ],1,2
32,1.5,0.3846153846153846,0.6923076923076923,[0.         0.69230769 1.        ],[0.         0.30769231 1.        ],2,2
33,1.5,0.15384615384615385,0.6,[0.         0.46153846 1.        ],[0.         0.30769231 1.        ],3,2
34,1.5,0.34615384615384615,0.6799999999999999,[0.         0.65384615 1.        ],[0.         0.30769231 1.        ],4,2
35,1.5,0.6153846153846154,0.9,[0.         0.69230769 1.        ],[0.         0.07692308 1.        ],5,2
36,1.5,0.3846153846153846,0.7777777777777778,[0.         0.53846154 1.        ],[0.         0.15384615 1.        ],6,2
37,1.5,0.15384615384615385,0.5714285714285714,[0.         0.61538462 1.        ],[0.         0.46153846 1.        ],7,2
38,1.5,0.2692307692307692,0.6296296296296295,[0.         0.65384615 1.        ],[0.         0.38461538 1.        ],8,2
39,1.5,0.2692307692307692,0.6666666666666666,[0.         0.53846154 1.        ],[0.         0.26923077 1.        ],9,2
40,2.0,0.1923076923076923,0.5609756097560975,[0.         0.88461538 1.        ],[0.         0.69230769 1.        ],0,2
41,2.0,0.1538461538461538,0.5833333333333333,[0.         0.53846154 1.        ],[0.         0.38461538 1.        ],1,2
42,2.0,0.5384615384615384,0.7333333333333334,[0.         0.84615385 1.        ],[0.         0.30769231 1.        ],2,2
43,2.0,0.11538461538461542,0.5483870967741936,[0.         0.65384615 1.        ],[0.         0.53846154 1.        ],3,2
44,2.0,0.3076923076923077,0.625,[0.         0.76923077 1.        ],[0.         0.46153846 1.        ],4,2
45,2.0,0.038461538461538436,0.52,[0.  0.5 1. ],[0.         0.46153846 1.        ],5,2
46,2.0,0.34615384615384615,0.6285714285714286,[0.         0.84615385 1.        ],[0.  0.5 1. ],6,2
47,2.0,0.3846153846153846,0.6388888888888888,[0.         0.88461538 1.        ],[0.  0.5 1. ],7,2
48,2.0,0.2692307692307693,0.64,[0.         0.61538462 1.        ],[0.         0.34615385 1.        ],8,2
49,2.0,0.0,0.5,[0.         0.38461538 1.        ],[0.         0.38461538 1.        ],9,2
50,2.5,0.3076923076923077,0.5952380952380952,[0.         0.96153846 1.        ],[0.         0.65384615 1.        ],0,2
51,2.5,0.3846153846153846,0.6785714285714286,[0.         0.73076923 1.        ],[0.         0.34615385 1.        ],1,2
52,2.5,0.2692307692307693,0.6,[0.         0.80769231 1.        ],[0.         0.53846154 1.        ],2,2
53,2.5,0.23076923076923073,0.5937499999999999,[0.         0.73076923 1.        ],[0.  0.5 1. ],3,2
54,2.5,0.30769230769230765,0.6428571428571429,[0.         0.69230769 1.        ],[0.         0.38461538 1.        ],4,2
55,2.5,0.3076923076923077,0.6176470588235294,[0.         0.80769231 1.        ],[0.  0.5 1. ],5,2
56,2.5,0.3461538461538462,0.6451612903225807,[0.         0.76923077 1.        ],[0.         0.42307692 1.        ],6,2
57,2.5,0.49999999999999994,0.76,[0.         0.73076923 1.        ],[0.         0.23076923 1.        ],7,2
58,2.5,0.07692307692307698,0.53125,[0.         0.65384615 1.        ],[0.         0.57692308 1.        ],8,2
59,2.5,0.23076923076923084,0.5882352941176471,[0.         0.76923077 1.        ],[0.         0.53846154 1.        ],9,2
60,3.0,0.11538461538461542,0.5405405405405406,[0.         0.76923077 1.        ],[0.         0.65384615 1.        ],0,2
61,3.0,0.07692307692307698,0.525,[0.         0.80769231 1.        ],[0.         0.73076923 1.        ],1,2
62,3.0,0.4615384615384615,0.7499999999999999,[0.         0.69230769 1.        ],[0.         0.23076923 1.        ],2,2
63,3.0,-0.15384615384615385,0.44117647058823534,[0.         0.57692308 1.        ],[0.         0.73076923 1.        ],3,2
64,3.0,0.23076923076923078,0.6153846153846154,[0.         0.61538462 1.        ],[0.         0.38461538 1.        ],4,2
65,3.0,0.23076923076923078,0.6153846153846154,[0.         0.61538462 1.        ],[0.         0.38461538 1.        ],5,2
66,3.0,0.1923076923076923,0.5675675675675675,[0.         0.80769231 1.        ],[0.         0.61538462 1.        ],6,2
67,3.0,0.38461538461538464,0.7272727272727272,[0.         0.61538462 1.        ],[0.         0.23076923 1.        ],7,2
68,3.0,0.1923076923076923,0.5862068965517241,[0.         0.65384615 1.        ],[0.         0.46153846 1.        ],8,2
69,3.0,0.038461538461538436,0.5185185185185186,[0.         0.53846154 1.        ],[0.  0.5 1. ],9,2
70,3.5,0.11538461538461542,0.5517241379310345,[0.         0.61538462 1.        ],[0.  0.5 1. ],0,2
71,3.5,0.3846153846153846,0.6923076923076923,[0.         0.69230769 1.        ],[0.         0.30769231 1.        ],1,2
72,3.5,-0.07692307692307693,0.45454545454545453,[0.         0.38461538 1.        ],[0.         0.46153846 1.        ],2,2
73,3.5,0.3846153846153846,0.6190476190476191,[0. 1. 1.],[0.         0.61538462 1.        ],3,2
74,3.5,0.07692307692307698,0.5263157894736842,[0.         0.76923077 1.        ],[0.         0.69230769 1.        ],4,2
75,3.5,0.03846153846153855,0.5161290322580645,[0.         0.61538462 1.        ],[0.         0.57692308 1.        ],5,2
76,3.5,0.07692307692307687,0.5238095238095238,[0.         0.84615385 1.        ],[0.         0.76923077 1.        ],6,2
77,3.5,0.07692307692307687,0.5357142857142857,[0.         0.57692308 1.        ],[0.  0.5 1. ],7,2
78,3.5,0.038461538461538436,0.5151515151515151,[0.         0.65384615 1.        ],[0.         0.61538462 1.        ],8,2
79,3.5,0.11538461538461536,0.56,[0.         0.53846154 1.        ],[0.         0.42307692 1.        ],9,2
80,5.0,0.15384615384615385,0.5526315789473684,[0.         0.80769231 1.        ],[0.         0.65384615 1.        ],0,2
81,5.0,0.2692307692307692,0.6206896551724138,[0.         0.69230769 1.        ],[0.         0.42307692 1.        ],1,2
82,5.0,0.3846153846153846,0.6470588235294118,[0.         0.84615385 1.        ],[0.         0.46153846 1.        ],2,2
83,5.0,0.15384615384615385,0.5555555555555556,[0.         0.76923077 1.        ],[0.         0.61538462 1.        ],3,2
84,5.0,0.15384615384615385,0.5666666666666668,[0.         0.65384615 1.        ],[0.  0.5 1. ],4,2
85,5.0,0.0,0.5,[0.         0.61538462 1.        ],[0.         0.61538462 1.        ],5,2
86,5.0,0.4615384615384615,0.6875,[0.         0.84615385 1.        ],[0.         0.38461538 1.        ],6,2
87,5.0,-0.038461538461538436,0.4888888888888889,[0.         0.84615385 1.        ],[0.         0.88461538 1.        ],7,2
88,5.0,0.07692307692307693,0.55,[0.         0.42307692 1.        ],[0.         0.34615385 1.        ],8,2
89,5.0,0.11538461538461531,0.5428571428571428,[0.         0.73076923 1.        ],[0.         0.61538462 1.        ],9,2
90,7.0,0.2692307692307693,0.64,[0.         0.61538462 1.        ],[0.         0.34615385 1.        ],0,2
91,7.0,0.038461538461538436,0.5135135135135136,[0.         0.73076923 1.        ],[0.         0.69230769 1.        ],1,2
92,7.0,0.19230769230769235,0.5925925925925926,[0.         0.61538462 1.        ],[0.         0.42307692 1.        ],2,2
93,7.0,0.07692307692307698,0.5333333333333334,[0.         0.61538462 1.        ],[0.         0.53846154 1.        ],3,2
94,7.0,0.34615384615384615,0.6097560975609756,[0.         0.96153846 1.        ],[0.         0.61538462 1.        ],4,2
95,7.0,0.1923076923076923,0.5806451612903226,[0.         0.69230769 1.        ],[0.  0.5 1. ],5,2
96,7.0,0.3846153846153846,0.6785714285714286,[0.         0.73076923 1.        ],[0.         0.34615385 1.        ],6,2
97,7.0,0.1923076923076923,0.5675675675675675,[0.         0.80769231 1.        ],[0.         0.61538462 1.        ],7,2
98,7.0,0.2692307692307692,0.6296296296296295,[0.         0.65384615 1.        ],[0.         0.38461538 1.        ],8,2
99,7.0,0.4615384615384615,0.676470588235294,[0.         0.88461538 1.        ],[0.         0.42307692 1.        ],9,2
100,9.0,0.11538461538461536,0.56,[0.         0.53846154 1.        ],[0.         0.42307692 1.        ],0,2
101,9.0,0.038461538461538436,0.5142857142857142,[0.         0.69230769 1.        ],[0.         0.65384615 1.        ],1,2
102,9.0,0.1538461538461538,0.5769230769230769,[0.         0.57692308 1.        ],[0.         0.42307692 1.        ],2,2
103,9.0,0.26923076923076916,0.6521739130434783,[0.         0.57692308 1.        ],[0.         0.30769231 1.        ],3,2
104,9.0,0.23076923076923073,0.6000000000000001,[0.         0.69230769 1.        ],[0.         0.46153846 1.        ],4,2
105,9.0,-0.07692307692307698,0.4736842105263157,[0.         0.69230769 1.        ],[0.         0.76923077 1.        ],5,2
106,9.0,-0.03846153846153855,0.48936170212765956,[0.         0.88461538 1.        ],[0.         0.92307692 1.        ],6,2
107,9.0,0.07692307692307698,0.5333333333333334,[0.         0.61538462 1.        ],[0.         0.53846154 1.        ],7,2
108,9.0,0.07692307692307698,0.525,[0.         0.80769231 1.        ],[0.         0.73076923 1.        ],8,2
109,9.0,0.0,0.5,[0.         0.61538462 1.        ],[0.         0.61538462 1.        ],9,2
110,0.5,0.07692307692307693,1.0,[0.         0.07692308 1.        ],[0. 0. 1.],0,3
111,0.5,0.2692307692307692,1.0,[0.         0.26923077 1.        ],[0. 0. 1.],1,3
112,0.5,0.15384615384615385,1.0,[0.         0.15384615 1.        ],[0. 0. 1.],2,3
113,0.5,0.6538461538461539,1.0,[0.         0.65384615 1.        ],[0. 0. 1.],3,3
114,0.5,0.42307692307692313,0.9230769230769231,[0.         0.46153846 1.        ],[0.         0.03846154 1.        ],4,3
115,0.5,0.34615384615384615,1.0,[0.         0.34615385 1.        ],[0. 0. 1.],5,3
116,0.5,0.3076923076923077,1.0,[0.         0.30769231 1.        ],[0. 0. 1.],6,3
117,0.5,0.4230769230769231,1.0,[0.         0.42307692 1.        ],[0. 0. 1.],7,3
118,0.5,0.15384615384615385,0.8333333333333334,[0.         0.19230769 1.        ],[0.         0.03846154 1.        ],8,3
119,0.5,0.15384615384615385,1.0,[0.         0.15384615 1.        ],[0. 0. 1.],9,3
120,0.7,0.38461538461538464,1.0,[0.         0.38461538 1.        ],[0. 0. 1.],0,3
121,0.7,0.2692307692307692,1.0,[0.         0.26923077 1.        ],[0. 0. 1.],1,3
122,0.7,0.3846153846153846,0.7777777777777778,[0.         0.53846154 1.        ],[0.         0.15384615 1.        ],2,3
123,0.7,0.11538461538461539,1.0,[0.         0.11538462 1.        ],[0. 0. 1.],3,3
124,0.7,0.3076923076923077,1.0,[0.         0.30769231 1.        ],[0. 0. 1.],4,3
125,0.7,0.34615384615384615,1.0,[0.         0.34615385 1.        ],[0. 0. 1.],5,3
126,0.7,0.23076923076923078,0.6666666666666667,[0.         0.46153846 1.        ],[0.         0.23076923 1.        ],6,3
127,0.7,0.38461538461538464,1.0,[0.         0.38461538 1.        ],[0. 0. 1.],7,3
128,0.7,0.23076923076923075,0.7499999999999999,[0.         0.34615385 1.        ],[0.         0.11538462 1.        ],8,3
129,0.7,0.15384615384615383,0.7000000000000001,[0.         0.26923077 1.        ],[0.         0.11538462 1.        ],9,3
130,1.0,0.34615384615384615,0.7999999999999999,[0.         0.46153846 1.        ],[0.         0.11538462 1.        ],0,3
131,1.0,0.19230769230769232,1.0,[0.         0.19230769 1.        ],[0. 0. 1.],1,3
132,1.0,0.15384615384615385,0.6111111111111112,[0.         0.42307692 1.        ],[0.         0.26923077 1.        ],2,3
133,1.0,0.5,1.0,[0.  0.5 1. ],[0. 0. 1.],3,3
134,1.0,0.11538461538461539,1.0,[0.         0.11538462 1.        ],[0. 0. 1.],4,3
135,1.0,0.07692307692307693,1.0,[0.         0.07692308 1.        ],[0. 0. 1.],5,3
136,1.0,0.38461538461538464,1.0,[0.         0.38461538 1.        ],[0. 0. 1.],6,3
137,1.0,0.38461538461538464,1.0,[0.         0.38461538 1.        ],[0. 0. 1.],7,3
138,1.0,0.5384615384615384,1.0,[0.         0.53846154 1.        ],[0. 0. 1.],8,3
139,1.0,0.23076923076923078,0.7142857142857142,[0.         0.38461538 1.        ],[0.         0.15384615 1.        ],9,3
140,1.5,0.3846153846153846,0.7777777777777778,[0.         0.53846154 1.        ],[0.         0.15384615 1.        ],0,3
141,1.5,0.3846153846153846,0.9166666666666666,[0.         0.42307692 1.        ],[0.         0.03846154 1.        ],1,3
142,1.5,0.1923076923076923,0.7777777777777778,[0.         0.26923077 1.        ],[0.         0.07692308 1.        ],2,3
143,1.5,-0.11538461538461536,0.42105263157894735,[0.         0.30769231 1.        ],[0.         0.42307692 1.        ],3,3
144,1.5,0.07692307692307693,0.75,[0.         0.11538462 1.        ],[0.         0.03846154 1.        ],4,3
145,1.5,0.19230769230769232,0.6666666666666666,[0.         0.38461538 1.        ],[0.         0.19230769 1.        ],5,3
146,1.5,0.1923076923076923,0.7777777777777778,[0.         0.26923077 1.        ],[0.         0.07692308 1.        ],6,3
147,1.5,0.3076923076923077,0.7222222222222222,[0.  0.5 1. ],[0.         0.19230769 1.        ],7,3
148,1.5,0.2692307692307692,0.7333333333333334,[0.         0.42307692 1.        ],[0.         0.15384615 1.        ],8,3
149,1.5,0.34615384615384615,0.8461538461538461,[0.         0.42307692 1.        ],[0.         0.07692308 1.        ],9,3
150,2.0,0.15384615384615383,0.7000000000000001,[0.         0.26923077 1.        ],[0.         0.11538462 1.        ],0,3
151,2.0,0.23076923076923073,0.6363636363636364,[0.         0.53846154 1.        ],[0.         0.30769231 1.        ],1,3
152,2.0,0.11538461538461536,0.6363636363636364,[0.         0.26923077 1.        ],[0.         0.15384615 1.        ],2,3
153,2.0,-0.19230769230769224,0.4000000000000001,[0.         0.38461538 1.        ],[0.         0.57692308 1.        ],3,3
154,2.0,-0.19230769230769235,0.36842105263157887,[0.         0.26923077 1.        ],[0.         0.46153846 1.        ],4,3
155,2.0,0.4230769230769231,1.0,[0.         0.42307692 1.        ],[0. 0. 1.],5,3
156,2.0,0.11538461538461539,0.6666666666666667,[0.         0.23076923 1.        ],[0.         0.11538462 1.        ],6,3
157,2.0,0.0,0.5,[0.         0.34615385 1.        ],[0.         0.34615385 1.        ],7,3
158,2.0,0.11538461538461542,0.5882352941176471,[0.         0.38461538 1.        ],[0.         0.26923077 1.        ],8,3
159,2.0,-0.11538461538461536,0.4347826086956522,[0.         0.38461538 1.        ],[0.  0.5 1. ],9,3
160,2.5,0.38461538461538464,0.7272727272727272,[0.         0.61538462 1.        ],[0.         0.23076923 1.        ],0,3
161,2.5,-0.07692307692307693,0.4,[0.         0.15384615 1.        ],[0.         0.23076923 1.        ],1,3
162,2.5,0.2692307692307692,0.6666666666666666,[0.         0.53846154 1.        ],[0.         0.26923077 1.        ],2,3
163,2.5,0.23076923076923078,0.7142857142857142,[0.         0.38461538 1.        ],[0.         0.15384615 1.        ],3,3
164,2.5,0.38461538461538464,0.8571428571428571,[0.         0.46153846 1.        ],[0.         0.07692308 1.        ],4,3
165,2.5,0.3846153846153846,0.7777777777777778,[0.         0.53846154 1.        ],[0.         0.15384615 1.        ],5,3
166,2.5,0.11538461538461539,0.6666666666666667,[0.         0.23076923 1.        ],[0.         0.11538462 1.        ],6,3
167,2.5,0.3076923076923077,0.7857142857142857,[0.         0.42307692 1.        ],[0.         0.11538462 1.        ],7,3
168,2.5,0.1923076923076923,0.6190476190476191,[0.  0.5 1. ],[0.         0.30769231 1.        ],8,3
169,2.5,0.11538461538461542,0.5882352941176471,[0.         0.38461538 1.        ],[0.         0.26923077 1.        ],9,3
170,3.0,0.0,0.5,[0.         0.26923077 1.        ],[0.         0.26923077 1.        ],0,3
171,3.0,0.07692307692307693,0.5454545454545454,[0.         0.46153846 1.        ],[0.         0.38461538 1.        ],1,3
172,3.0,0.11538461538461536,0.5789473684210525,[0.         0.42307692 1.        ],[0.         0.30769231 1.        ],2,3
173,3.0,0.07692307692307693,0.5555555555555556,[0.         0.38461538 1.        ],[0.         0.30769231 1.        ],3,3
174,3.0,0.11538461538461542,0.5517241379310345,[0.         0.61538462 1.        ],[0.  0.5 1. ],4,3
175,3.0,0.23076923076923073,0.6363636363636364,[0.         0.53846154 1.        ],[0.         0.30769231 1.        ],5,3
176,3.0,0.38461538461538464,0.65625,[0.         0.80769231 1.        ],[0.         0.42307692 1.        ],6,3
177,3.0,0.03846153846153849,0.5217391304347827,[0.         0.46153846 1.        ],[0.         0.42307692 1.        ],7,3
178,3.0,0.11538461538461536,0.6000000000000001,[0.         0.34615385 1.        ],[0.         0.23076923 1.        ],8,3
179,3.0,0.15384615384615385,0.6666666666666666,[0.         0.30769231 1.        ],[0.         0.15384615 1.        ],9,3
180,3.5,0.0,0.5,[0.  0.5 1. ],[0.  0.5 1. ],0,3
181,3.5,0.07692307692307693,0.6,[0.         0.23076923 1.        ],[0.         0.15384615 1.        ],1,3
182,3.5,0.15384615384615385,0.5909090909090909,[0.  0.5 1. ],[0.         0.34615385 1.        ],2,3
183,3.5,0.23076923076923078,0.6071428571428572,[0.         0.65384615 1.        ],[0.         0.42307692 1.        ],3,3
184,3.5,0.23076923076923078,0.65,[0.  0.5 1. ],[0.         0.26923077 1.        ],4,3
185,3.5,0.3076923076923077,0.625,[0.         0.76923077 1.        ],[0.         0.46153846 1.        ],5,3
186,3.5,0.30769230769230765,0.6333333333333333,[0.         0.73076923 1.        ],[0.         0.42307692 1.        ],6,3
187,3.5,0.23076923076923078,0.6071428571428572,[0.         0.65384615 1.        ],[0.         0.42307692 1.        ],7,3
188,3.5,0.0,0.5,[0.         0.30769231 1.        ],[0.         0.30769231 1.        ],8,3
189,3.5,-0.038461538461538436,0.47058823529411764,[0.         0.30769231 1.        ],[0.         0.34615385 1.        ],9,3
190,5.0,0.07692307692307693,0.5625,[0.         0.34615385 1.        ],[0.         0.26923077 1.        ],0,3
191,5.0,0.3076923076923077,0.6666666666666666,[0.         0.61538462 1.        ],[0.         0.30769231 1.        ],1,3
192,5.0,0.3076923076923077,0.6666666666666666,[0.         0.61538462 1.        ],[0.         0.30769231 1.        ],2,3
193,5.0,0.30769230769230765,0.6428571428571429,[0.         0.69230769 1.        ],[0.         0.38461538 1.        ],3,3
194,5.0,0.19230769230769235,0.5925925925925926,[0.         0.61538462 1.        ],[0.         0.42307692 1.        ],4,3
195,5.0,0.07692307692307698,0.5263157894736842,[0.         0.76923077 1.        ],[0.         0.69230769 1.        ],5,3
196,5.0,0.0,0.5,[0.         0.46153846 1.        ],[0.         0.46153846 1.        ],6,3
197,5.0,0.038461538461538436,0.52,[0.  0.5 1. ],[0.         0.46153846 1.        ],7,3
198,5.0,0.15384615384615385,0.5625,[0.         0.69230769 1.        ],[0.         0.53846154 1.        ],8,3
199,5.0,0.0,0.5,[0.         0.76923077 1.        ],[0.         0.76923077 1.        ],9,3
200,7.0,0.23076923076923075,0.6875,[0.         0.42307692 1.        ],[0.         0.19230769 1.        ],0,3
201,7.0,0.11538461538461531,0.5555555555555556,[0.         0.57692308 1.        ],[0.         0.46153846 1.        ],1,3
202,7.0,0.07692307692307687,0.5294117647058824,[0.         0.69230769 1.        ],[0.         0.61538462 1.        ],2,3
203,7.0,0.2692307692307692,0.6842105263157894,[0.  0.5 1. ],[0.         0.23076923 1.        ],3,3
204,7.0,0.23076923076923073,0.5937499999999999,[0.         0.73076923 1.        ],[0.  0.5 1. ],4,3
205,7.0,0.07692307692307687,0.5384615384615384,[0.         0.53846154 1.        ],[0.         0.46153846 1.        ],5,3
206,7.0,0.19230769230769224,0.6,[0.         0.57692308 1.        ],[0.         0.38461538 1.        ],6,3
207,7.0,0.38461538461538464,0.6666666666666666,[0.         0.76923077 1.        ],[0.         0.38461538 1.        ],7,3
208,7.0,0.038461538461538436,0.52,[0.  0.5 1. ],[0.         0.46153846 1.        ],8,3
209,7.0,0.1538461538461538,0.5769230769230769,[0.         0.57692308 1.        ],[0.         0.42307692 1.        ],9,3
210,9.0,0.15384615384615385,0.5714285714285714,[0.         0.61538462 1.        ],[0.         0.46153846 1.        ],0,3
211,9.0,-0.038461538461538436,0.48275862068965514,[0.         0.53846154 1.        ],[0.         0.57692308 1.        ],1,3
212,9.0,0.34615384615384615,0.6666666666666667,[0.         0.69230769 1.        ],[0.         0.34615385 1.        ],2,3
213,9.0,0.0,0.5,[0.         0.65384615 1.        ],[0.         0.65384615 1.        ],3,3
214,9.0,0.23076923076923084,0.5882352941176471,[0.         0.76923077 1.        ],[0.         0.53846154 1.        ],4,3
215,9.0,0.19230769230769235,0.5925925925925926,[0.         0.61538462 1.        ],[0.         0.42307692 1.        ],5,3
216,9.0,0.03846153846153855,0.5161290322580645,[0.         0.61538462 1.        ],[0.         0.57692308 1.        ],6,3
217,9.0,0.1538461538461538,0.5833333333333333,[0.         0.53846154 1.        ],[0.         0.38461538 1.        ],7,3
218,9.0,0.1538461538461538,0.5833333333333333,[0.         0.53846154 1.        ],[0.         0.38461538 1.        ],8,3
219,9.0,0.11538461538461536,0.56,[0.         0.53846154 1.        ],[0.         0.42307692 1.        ],9,3
220,0.5,0.8076923076923077,1.0,[0.         0.80769231 1.        ],[0. 0. 1.],0,4
221,0.5,0.5,1.0,[0.  0.5 1. ],[0. 0. 1.],1,4
222,0.5,0.34615384615384615,1.0,[0.         0.34615385 1.        ],[0. 0. 1.],2,4
223,0.5,0.46153846153846156,1.0,[0.         0.46153846 1.        ],[0. 0. 1.],3,4
224,0.5,0.2692307692307693,0.64,[0.         0.61538462 1.        ],[0.         0.34615385 1.        ],4,4
225,0.5,0.5769230769230769,1.0,[0.         0.57692308 1.        ],[0. 0. 1.],5,4
226,0.5,0.3076923076923077,1.0,[0.         0.30769231 1.        ],[0. 0. 1.],6,4
227,0.5,0.3461538461538462,0.6956521739130436,[0.         0.61538462 1.        ],[0.         0.26923077 1.        ],7,4
228,0.5,0.6538461538461539,0.9473684210526316,[0.         0.69230769 1.        ],[0.         0.03846154 1.        ],8,4
229,0.5,0.5,0.8421052631578947,[0.         0.61538462 1.        ],[0.         0.11538462 1.        ],9,4
230,0.7,0.34615384615384615,0.9090909090909091,[0.         0.38461538 1.        ],[0.         0.03846154 1.        ],0,4
231,0.7,0.23076923076923078,1.0,[0.         0.23076923 1.        ],[0. 0. 1.],1,4
232,0.7,0.15384615384615383,0.6428571428571429,[0.         0.34615385 1.        ],[0.         0.19230769 1.        ],2,4
233,0.7,0.23076923076923075,0.8749999999999999,[0.         0.26923077 1.        ],[0.         0.03846154 1.        ],3,4
234,0.7,0.3846153846153846,0.8125,[0.  0.5 1. ],[0.         0.11538462 1.        ],4,4
235,0.7,0.6923076923076923,0.875,[0.         0.80769231 1.        ],[0.         0.11538462 1.        ],5,4
236,0.7,0.15384615384615385,0.75,[0.         0.23076923 1.        ],[0.         0.07692308 1.        ],6,4
237,0.7,0.19230769230769232,1.0,[0.         0.19230769 1.        ],[0. 0. 1.],7,4
238,0.7,0.19230769230769232,1.0,[0.         0.19230769 1.        ],[0. 0. 1.],8,4
239,0.7,0.6153846153846154,1.0,[0.         0.61538462 1.        ],[0. 0. 1.],9,4
240,1.0,0.46153846153846156,0.8,[0.         0.61538462 1.        ],[0.         0.15384615 1.        ],0,4
241,1.0,0.34615384615384615,0.9090909090909091,[0.         0.38461538 1.        ],[0.         0.03846154 1.        ],1,4
242,1.0,0.15384615384615385,0.6666666666666666,[0.         0.30769231 1.        ],[0.         0.15384615 1.        ],2,4
243,1.0,0.23076923076923078,0.7142857142857142,[0.         0.38461538 1.        ],[0.         0.15384615 1.        ],3,4
244,1.0,0.5384615384615384,0.7916666666666666,[0.         0.73076923 1.        ],[0.         0.19230769 1.        ],4,4
245,1.0,0.1923076923076923,0.7777777777777778,[0.         0.26923077 1.        ],[0.         0.07692308 1.        ],5,4
246,1.0,0.11538461538461539,0.6153846153846154,[0.         0.30769231 1.        ],[0.         0.19230769 1.        ],6,4
247,1.0,0.15384615384615385,0.6666666666666666,[0.         0.30769231 1.        ],[0.         0.15384615 1.        ],7,4
248,1.0,0.6923076923076923,0.9090909090909091,[0.         0.76923077 1.        ],[0.         0.07692308 1.        ],8,4
249,1.0,0.34615384615384615,1.0,[0.         0.34615385 1.        ],[0. 0. 1.],9,4
250,1.5,0.11538461538461542,0.5454545454545455,[0.         0.69230769 1.        ],[0.         0.57692308 1.        ],0,4
251,1.5,0.42307692307692313,0.761904761904762,[0.         0.61538462 1.        ],[0.         0.19230769 1.        ],1,4
252,1.5,0.15384615384615385,0.625,[0.         0.38461538 1.        ],[0.         0.23076923 1.        ],2,4
253,1.5,0.11538461538461539,0.6153846153846154,[0.         0.30769231 1.        ],[0.         0.19230769 1.        ],3,4
254,1.5,0.07692307692307687,0.5384615384615384,[0.         0.53846154 1.        ],[0.         0.46153846 1.        ],4,4
255,1.5,0.19230769230769235,0.5925925925925926,[0.         0.61538462 1.        ],[0.         0.42307692 1.        ],5,4
256,1.5,0.5,0.782608695652174,[0.         0.69230769 1.        ],[0.         0.19230769 1.        ],6,4
257,1.5,0.0,0.5,[0.         0.65384615 1.        ],[0.         0.65384615 1.        ],7,4
258,1.5,0.3076923076923077,0.6666666666666666,[0.         0.61538462 1.        ],[0.         0.30769231 1.        ],8,4
259,1.5,0.34615384615384615,0.7368421052631579,[0.         0.53846154 1.        ],[0.         0.19230769 1.        ],9,4
260,2.0,0.2692307692307692,0.6206896551724138,[0.         0.69230769 1.        ],[0.         0.42307692 1.        ],0,4
261,2.0,0.1923076923076923,0.6923076923076923,[0.         0.34615385 1.        ],[0.         0.15384615 1.        ],1,4
262,2.0,0.3846153846153846,0.75,[0.         0.57692308 1.        ],[0.         0.19230769 1.        ],2,4
263,2.0,0.30769230769230765,0.7000000000000001,[0.         0.53846154 1.        ],[0.         0.23076923 1.        ],3,4
264,2.0,-0.15384615384615385,0.3888888888888889,[0.         0.26923077 1.        ],[0.         0.42307692 1.        ],4,4
265,2.0,0.03846153846153849,0.5333333333333334,[0.         0.30769231 1.        ],[0.         0.26923077 1.        ],5,4
266,2.0,0.15384615384615383,0.6428571428571429,[0.         0.34615385 1.        ],[0.         0.19230769 1.        ],6,4
267,2.0,0.19230769230769232,0.6666666666666666,[0.         0.38461538 1.        ],[0.         0.19230769 1.        ],7,4
268,2.0,0.46153846153846156,0.7727272727272727,[0.         0.65384615 1.        ],[0.         0.19230769 1.        ],8,4
269,2.0,0.15384615384615385,0.6111111111111112,[0.         0.42307692 1.        ],[0.         0.26923077 1.        ],9,4
270,2.5,0.3846153846153846,0.75,[0.         0.57692308 1.        ],[0.         0.19230769 1.        ],0,4
271,2.5,0.23076923076923073,0.625,[0.         0.57692308 1.        ],[0.         0.34615385 1.        ],1,4
272,2.5,0.07692307692307693,0.5555555555555556,[0.         0.38461538 1.        ],[0.         0.30769231 1.        ],2,4
273,2.5,0.0,0.5,[0.         0.53846154 1.        ],[0.         0.53846154 1.        ],3,4
274,2.5,0.1538461538461538,0.5769230769230769,[0.         0.57692308 1.        ],[0.         0.42307692 1.        ],4,4
275,2.5,0.1923076923076923,0.6190476190476191,[0.  0.5 1. ],[0.         0.30769231 1.        ],5,4
276,2.5,0.23076923076923073,0.625,[0.         0.57692308 1.        ],[0.         0.34615385 1.        ],6,4
277,2.5,0.5384615384615384,0.8181818181818181,[0.         0.69230769 1.        ],[0.         0.15384615 1.        ],7,4
278,2.5,0.19230769230769224,0.6,[0.         0.57692308 1.        ],[0.         0.38461538 1.        ],8,4
279,2.5,0.38461538461538464,0.8571428571428571,[0.         0.46153846 1.        ],[0.         0.07692308 1.        ],9,4
280,3.0,0.15384615384615385,0.6666666666666666,[0.         0.30769231 1.        ],[0.         0.15384615 1.        ],0,4
281,3.0,0.34615384615384615,0.7999999999999999,[0.         0.46153846 1.        ],[0.         0.11538462 1.        ],1,4
282,3.0,0.1923076923076923,0.6470588235294118,[0.         0.42307692 1.        ],[0.         0.23076923 1.        ],2,4
283,3.0,0.5,0.8095238095238095,[0.         0.65384615 1.        ],[0.         0.15384615 1.        ],3,4
284,3.0,-0.11538461538461536,0.44000000000000006,[0.         0.42307692 1.        ],[0.         0.53846154 1.        ],4,4
285,3.0,0.15384615384615385,0.6,[0.         0.46153846 1.        ],[0.         0.30769231 1.        ],5,4
286,3.0,0.42307692307692313,0.761904761904762,[0.         0.61538462 1.        ],[0.         0.19230769 1.        ],6,4
287,3.0,0.07692307692307698,0.5333333333333334,[0.         0.61538462 1.        ],[0.         0.53846154 1.        ],7,4
288,3.0,0.07692307692307698,0.5333333333333334,[0.         0.61538462 1.        ],[0.         0.53846154 1.        ],8,4
289,3.0,0.0,0.5,[0.         0.42307692 1.        ],[0.         0.42307692 1.        ],9,4
290,3.5,0.23076923076923078,0.6071428571428572,[0.         0.65384615 1.        ],[0.         0.42307692 1.        ],0,4
291,3.5,0.46153846153846156,0.7727272727272727,[0.         0.65384615 1.        ],[0.         0.19230769 1.        ],1,4
292,3.5,0.2692307692307693,0.6,[0.         0.80769231 1.        ],[0.         0.53846154 1.        ],2,4
293,3.5,0.19230769230769224,0.6,[0.         0.57692308 1.        ],[0.         0.38461538 1.        ],3,4
294,3.5,-0.11538461538461536,0.44000000000000006,[0.         0.42307692 1.        ],[0.         0.53846154 1.        ],4,4
295,3.5,0.3461538461538461,0.6551724137931034,[0.         0.73076923 1.        ],[0.         0.38461538 1.        ],5,4
296,3.5,0.11538461538461536,0.56,[0.         0.53846154 1.        ],[0.         0.42307692 1.        ],6,4
297,3.5,0.07692307692307693,0.5555555555555556,[0.         0.38461538 1.        ],[0.         0.30769231 1.        ],7,4
298,3.5,0.11538461538461542,0.5405405405405406,[0.         0.76923077 1.        ],[0.         0.65384615 1.        ],8,4
299,3.5,0.1923076923076924,0.5714285714285714,[0.         0.76923077 1.        ],[0.         0.57692308 1.        ],9,4
300,5.0,0.11538461538461542,0.5454545454545455,[0.         0.69230769 1.        ],[0.         0.57692308 1.        ],0,4
301,5.0,-0.03846153846153855,0.48387096774193544,[0.         0.57692308 1.        ],[0.         0.61538462 1.        ],1,4
302,5.0,0.23076923076923084,0.5882352941176471,[0.         0.76923077 1.        ],[0.         0.53846154 1.        ],2,4
303,5.0,0.19230769230769224,0.6,[0.         0.57692308 1.        ],[0.         0.38461538 1.        ],3,4
304,5.0,0.3461538461538461,0.6551724137931034,[0.         0.73076923 1.        ],[0.         0.38461538 1.        ],4,4
305,5.0,0.1923076923076924,0.5714285714285714,[0.         0.76923077 1.        ],[0.         0.57692308 1.        ],5,4
306,5.0,0.3461538461538462,0.6451612903225807,[0.         0.76923077 1.        ],[0.         0.42307692 1.        ],6,4
307,5.0,0.15384615384615383,0.6428571428571429,[0.         0.34615385 1.        ],[0.         0.19230769 1.        ],7,4
308,5.0,0.2692307692307692,0.6206896551724138,[0.         0.69230769 1.        ],[0.         0.42307692 1.        ],8,4
309,5.0,0.11538461538461531,0.5428571428571428,[0.         0.73076923 1.        ],[0.         0.61538462 1.        ],9,4
310,7.0,0.038461538461538436,0.5135135135135136,[0.         0.73076923 1.        ],[0.         0.69230769 1.        ],0,4
311,7.0,0.15384615384615385,0.5625,[0.         0.69230769 1.        ],[0.         0.53846154 1.        ],1,4
312,7.0,0.07692307692307693,0.5454545454545454,[0.         0.46153846 1.        ],[0.         0.38461538 1.        ],2,4
313,7.0,0.15384615384615385,0.5625,[0.         0.69230769 1.        ],[0.         0.53846154 1.        ],3,4
314,7.0,0.07692307692307687,0.5277777777777778,[0.         0.73076923 1.        ],[0.         0.65384615 1.        ],4,4
315,7.0,0.038461538461538436,0.5185185185185186,[0.         0.53846154 1.        ],[0.  0.5 1. ],5,4
316,7.0,0.1923076923076923,0.5757575757575758,[0.         0.73076923 1.        ],[0.         0.53846154 1.        ],6,4
317,7.0,0.2692307692307692,0.6206896551724138,[0.         0.69230769 1.        ],[0.         0.42307692 1.        ],7,4
318,7.0,0.11538461538461531,0.5428571428571428,[0.         0.73076923 1.        ],[0.         0.61538462 1.        ],8,4
319,7.0,0.038461538461538436,0.5172413793103448,[0.         0.57692308 1.        ],[0.         0.53846154 1.        ],9,4
320,9.0,0.1923076923076923,0.5757575757575758,[0.         0.73076923 1.        ],[0.         0.53846154 1.        ],0,4
321,9.0,0.11538461538461542,0.5405405405405406,[0.         0.76923077 1.        ],[0.         0.65384615 1.        ],1,4
322,9.0,0.11538461538461542,0.5384615384615384,[0.         0.80769231 1.        ],[0.         0.69230769 1.        ],2,4
323,9.0,0.1923076923076923,0.5806451612903226,[0.         0.69230769 1.        ],[0.  0.5 1. ],3,4
324,9.0,0.423076923076923,0.7037037037037037,[0.         0.73076923 1.        ],[0.         0.30769231 1.        ],4,4
325,9.0,0.34615384615384615,0.6666666666666667,[0.         0.69230769 1.        ],[0.         0.34615385 1.        ],5,4
326,9.0,0.07692307692307698,0.53125,[0.         0.65384615 1.        ],[0.         0.57692308 1.        ],6,4
327,9.0,0.07692307692307687,0.5384615384615384,[0.         0.53846154 1.        ],[0.         0.46153846 1.        ],7,4
328,9.0,0.3846153846153846,0.6785714285714286,[0.         0.73076923 1.        ],[0.         0.34615385 1.        ],8,4
329,9.0,0.2692307692307692,0.6842105263157894,[0.  0.5 1. ],[0.         0.23076923 1.        ],9,4
330,0.5,0.6153846153846154,1.0,[0.         0.61538462 1.        ],[0. 0. 1.],0,5
331,0.5,0.3846153846153846,0.75,[0.         0.57692308 1.        ],[0.         0.19230769 1.        ],1,5
332,0.5,0.3461538461538462,0.6956521739130436,[0.         0.61538462 1.        ],[0.         0.26923077 1.        ],2,5
333,0.5,0.5769230769230769,1.0,[0.         0.57692308 1.        ],[0. 0. 1.],3,5
334,0.5,0.038461538461538464,1.0,[0.         0.03846154 1.        ],[0. 0. 1.],4,5
335,0.5,0.23076923076923078,1.0,[0.         0.23076923 1.        ],[0. 0. 1.],5,5
336,0.5,0.2692307692307692,0.8181818181818181,[0.         0.34615385 1.        ],[0.         0.07692308 1.        ],6,5
337,0.5,0.11538461538461539,0.6666666666666667,[0.         0.23076923 1.        ],[0.         0.11538462 1.        ],7,5
338,0.5,0.38461538461538464,1.0,[0.         0.38461538 1.        ],[0. 0. 1.],8,5
339,0.5,0.34615384615384615,0.8461538461538461,[0.         0.42307692 1.        ],[0.         0.07692308 1.        ],9,5
340,0.7,0.5,0.782608695652174,[0.         0.69230769 1.        ],[0.         0.19230769 1.        ],0,5
341,0.7,0.5769230769230769,1.0,[0.         0.57692308 1.        ],[0. 0. 1.],1,5
342,0.7,0.6538461538461539,1.0,[0.         0.65384615 1.        ],[0. 0. 1.],2,5
343,0.7,0.46153846153846156,1.0,[0.         0.46153846 1.        ],[0. 0. 1.],3,5
344,0.7,0.5,1.0,[0.  0.5 1. ],[0. 0. 1.],4,5
345,0.7,0.3461538461538462,0.6956521739130436,[0.         0.61538462 1.        ],[0.         0.26923077 1.        ],5,5
346,0.7,0.5384615384615384,1.0,[0.         0.53846154 1.        ],[0. 0. 1.],6,5
347,0.7,0.46153846153846156,1.0,[0.         0.46153846 1.        ],[0. 0. 1.],7,5
348,0.7,0.6923076923076923,0.875,[0.         0.80769231 1.        ],[0.         0.11538462 1.        ],8,5
349,0.7,0.38461538461538464,1.0,[0.         0.38461538 1.        ],[0. 0. 1.],9,5
350,1.0,0.4615384615384615,0.8749999999999999,[0.         0.53846154 1.        ],[0.         0.07692308 1.        ],0,5
351,1.0,0.7307692307692307,0.88,[0.         0.84615385 1.        ],[0.         0.11538462 1.        ],1,5
352,1.0,0.42307692307692313,0.761904761904762,[0.         0.61538462 1.        ],[0.         0.19230769 1.        ],2,5
353,1.0,0.6923076923076923,0.9500000000000001,[0.         0.73076923 1.        ],[0.         0.03846154 1.        ],3,5
354,1.0,0.4230769230769231,1.0,[0.         0.42307692 1.        ],[0. 0. 1.],4,5
355,1.0,0.11538461538461539,1.0,[0.         0.11538462 1.        ],[0. 0. 1.],5,5
356,1.0,0.19230769230769232,1.0,[0.         0.19230769 1.        ],[0. 0. 1.],6,5
357,1.0,0.2692307692307692,0.7333333333333334,[0.         0.42307692 1.        ],[0.         0.15384615 1.        ],7,5
358,1.0,0.23076923076923075,0.8749999999999999,[0.         0.26923077 1.        ],[0.         0.03846154 1.        ],8,5
359,1.0,0.038461538461538464,1.0,[0.         0.03846154 1.        ],[0. 0. 1.],9,5
360,1.5,0.23076923076923078,0.6666666666666667,[0.         0.46153846 1.        ],[0.         0.23076923 1.        ],0,5
361,1.5,-0.07692307692307693,0.3333333333333333,[0.         0.07692308 1.        ],[0.         0.15384615 1.        ],1,5
362,1.5,0.6153846153846154,0.9,[0.         0.69230769 1.        ],[0.         0.07692308 1.        ],2,5
363,1.5,0.46153846153846156,0.8,[0.         0.61538462 1.        ],[0.         0.15384615 1.        ],3,5
364,1.5,0.423076923076923,0.7894736842105263,[0.         0.57692308 1.        ],[0.         0.15384615 1.        ],4,5
365,1.5,0.3076923076923077,0.75,[0.         0.46153846 1.        ],[0.         0.15384615 1.        ],5,5
366,1.5,0.46153846153846145,0.8333333333333333,[0.         0.57692308 1.        ],[0.         0.11538462 1.        ],6,5
367,1.5,0.34615384615384615,0.6666666666666667,[0.         0.69230769 1.        ],[0.         0.34615385 1.        ],7,5
368,1.5,0.46153846153846156,0.7727272727272727,[0.         0.65384615 1.        ],[0.         0.19230769 1.        ],8,5
369,1.5,0.23076923076923078,1.0,[0.         0.23076923 1.        ],[0. 0. 1.],9,5
370,2.0,0.07692307692307693,0.5555555555555556,[0.         0.38461538 1.        ],[0.         0.30769231 1.        ],0,5
371,2.0,0.07692307692307693,0.5714285714285714,[0.         0.30769231 1.        ],[0.         0.23076923 1.        ],1,5
372,2.0,0.26923076923076916,0.6521739130434783,[0.         0.57692308 1.        ],[0.         0.30769231 1.        ],2,5
373,2.0,0.038461538461538436,0.52,[0.  0.5 1. ],[0.         0.46153846 1.        ],3,5
374,2.0,0.15384615384615385,0.5588235294117647,[0.         0.73076923 1.        ],[0.         0.57692308 1.        ],4,5
375,2.0,0.23076923076923075,0.6875,[0.         0.42307692 1.        ],[0.         0.19230769 1.        ],5,5
376,2.0,0.34615384615384615,0.7647058823529411,[0.  0.5 1. ],[0.         0.15384615 1.        ],6,5
377,2.0,0.1538461538461538,0.5769230769230769,[0.         0.57692308 1.        ],[0.         0.42307692 1.        ],7,5
378,2.0,0.15384615384615385,1.0,[0.         0.15384615 1.        ],[0. 0. 1.],8,5
379,2.0,-0.11538461538461539,0.33333333333333337,[0.         0.11538462 1.        ],[0.         0.23076923 1.        ],9,5
380,2.5,0.1923076923076923,0.6086956521739131,[0.         0.53846154 1.        ],[0.         0.34615385 1.        ],0,5
381,2.5,0.30769230769230765,0.7000000000000001,[0.         0.53846154 1.        ],[0.         0.23076923 1.        ],1,5
382,2.5,0.3461538461538462,0.6956521739130436,[0.         0.61538462 1.        ],[0.         0.26923077 1.        ],2,5
383,2.5,0.1923076923076923,0.6923076923076923,[0.         0.34615385 1.        ],[0.         0.15384615 1.        ],3,5
384,2.5,0.19230769230769224,0.6,[0.         0.57692308 1.        ],[0.         0.38461538 1.        ],4,5
385,2.5,0.1923076923076923,0.6923076923076923,[0.         0.34615385 1.        ],[0.         0.15384615 1.        ],5,5
386,2.5,0.4230769230769231,0.7391304347826088,[0.         0.65384615 1.        ],[0.         0.23076923 1.        ],6,5
387,2.5,0.30769230769230765,0.6333333333333333,[0.         0.73076923 1.        ],[0.         0.42307692 1.        ],7,5
388,2.5,0.23076923076923078,0.65,[0.  0.5 1. ],[0.         0.26923077 1.        ],8,5
389,2.5,0.23076923076923073,0.6000000000000001,[0.         0.69230769 1.        ],[0.         0.46153846 1.        ],9,5
390,3.0,0.4230769230769231,0.8666666666666667,[0.  0.5 1. ],[0.         0.07692308 1.        ],0,5
391,3.0,0.34615384615384615,0.6666666666666667,[0.         0.69230769 1.        ],[0.         0.34615385 1.        ],1,5
392,3.0,0.11538461538461542,0.5714285714285714,[0.         0.46153846 1.        ],[0.         0.34615385 1.        ],2,5
393,3.0,0.23076923076923078,0.6071428571428572,[0.         0.65384615 1.        ],[0.         0.42307692 1.        ],3,5
394,3.0,0.1923076923076923,0.5806451612903226,[0.         0.69230769 1.        ],[0.  0.5 1. ],4,5
395,3.0,0.38461538461538464,0.7083333333333333,[0.         0.65384615 1.        ],[0.         0.26923077 1.        ],5,5
396,3.0,0.07692307692307693,0.5454545454545454,[0.         0.46153846 1.        ],[0.         0.38461538 1.        ],6,5
397,3.0,0.07692307692307687,0.5357142857142857,[0.         0.57692308 1.        ],[0.  0.5 1. ],7,5
398,3.0,0.11538461538461542,0.5882352941176471,[0.         0.38461538 1.        ],[0.         0.26923077 1.        ],8,5
399,3.0,0.038461538461538436,0.5238095238095238,[0.         0.42307692 1.        ],[0.         0.38461538 1.        ],9,5
400,3.5,0.1923076923076923,0.5862068965517241,[0.         0.65384615 1.        ],[0.         0.46153846 1.        ],0,5
401,3.5,0.26923076923076916,0.6521739130434783,[0.         0.57692308 1.        ],[0.         0.30769231 1.        ],1,5
402,3.5,0.3076923076923077,0.6111111111111112,[0.         0.84615385 1.        ],[0.         0.53846154 1.        ],2,5
403,3.5,0.5384615384615384,0.7187499999999999,[0.         0.88461538 1.        ],[0.         0.34615385 1.        ],3,5
404,3.5,0.038461538461538436,0.5172413793103448,[0.         0.57692308 1.        ],[0.         0.53846154 1.        ],4,5
405,3.5,-0.038461538461538436,0.48148148148148157,[0.  0.5 1. ],[0.         0.53846154 1.        ],5,5
406,3.5,0.2692307692307693,0.64,[0.         0.61538462 1.        ],[0.         0.34615385 1.        ],6,5
407,3.5,0.038461538461538436,0.5151515151515151,[0.         0.65384615 1.        ],[0.         0.61538462 1.        ],7,5
408,3.5,0.19230769230769235,0.5925925925925926,[0.         0.61538462 1.        ],[0.         0.42307692 1.        ],8,5
409,3.5,0.11538461538461531,0.5555555555555556,[0.         0.57692308 1.        ],[0.         0.46153846 1.        ],9,5
410,5.0,0.26923076923076916,0.6129032258064516,[0.         0.73076923 1.        ],[0.         0.46153846 1.        ],0,5
411,5.0,0.11538461538461536,0.5789473684210525,[0.         0.42307692 1.        ],[0.         0.30769231 1.        ],1,5
412,5.0,0.07692307692307687,0.5384615384615384,[0.         0.53846154 1.        ],[0.         0.46153846 1.        ],2,5
413,5.0,0.1923076923076923,0.6086956521739131,[0.         0.53846154 1.        ],[0.         0.34615385 1.        ],3,5
414,5.0,0.11538461538461542,0.5454545454545455,[0.         0.69230769 1.        ],[0.         0.57692308 1.        ],4,5
415,5.0,0.11538461538461531,0.5555555555555556,[0.         0.57692308 1.        ],[0.         0.46153846 1.        ],5,5
416,5.0,0.2692307692307693,0.64,[0.         0.61538462 1.        ],[0.         0.34615385 1.        ],6,5
417,5.0,0.2692307692307692,0.7333333333333334,[0.         0.42307692 1.        ],[0.         0.15384615 1.        ],7,5
418,5.0,0.15384615384615385,0.5625,[0.         0.69230769 1.        ],[0.         0.53846154 1.        ],8,5
419,5.0,0.19230769230769224,0.6,[0.         0.57692308 1.        ],[0.         0.38461538 1.        ],9,5
420,7.0,0.4230769230769231,0.7391304347826088,[0.         0.65384615 1.        ],[0.         0.23076923 1.        ],0,5
421,7.0,-0.03846153846153855,0.48717948717948717,[0.         0.73076923 1.        ],[0.         0.76923077 1.        ],1,5
422,7.0,0.1923076923076923,0.5641025641025641,[0.         0.84615385 1.        ],[0.         0.65384615 1.        ],2,5
423,7.0,0.23076923076923084,0.5833333333333334,[0.         0.80769231 1.        ],[0.         0.57692308 1.        ],3,5
424,7.0,0.1923076923076923,0.6190476190476191,[0.  0.5 1. ],[0.         0.30769231 1.        ],4,5
425,7.0,0.42307692307692313,0.6896551724137931,[0.         0.76923077 1.        ],[0.         0.34615385 1.        ],5,5
426,7.0,0.2692307692307692,0.6296296296296295,[0.         0.65384615 1.        ],[0.         0.38461538 1.        ],6,5
427,7.0,0.26923076923076916,0.6129032258064516,[0.         0.73076923 1.        ],[0.         0.46153846 1.        ],7,5
428,7.0,0.038461538461538436,0.52,[0.  0.5 1. ],[0.         0.46153846 1.        ],8,5
429,7.0,0.07692307692307687,0.5357142857142857,[0.         0.57692308 1.        ],[0.  0.5 1. ],9,5
430,9.0,0.11538461538461542,0.5714285714285714,[0.         0.46153846 1.        ],[0.         0.34615385 1.        ],0,5
431,9.0,0.15384615384615385,0.5526315789473684,[0.         0.80769231 1.        ],[0.         0.65384615 1.        ],1,5
432,9.0,-0.11538461538461542,0.4482758620689655,[0.  0.5 1. ],[0.         0.61538462 1.        ],2,5
433,9.0,0.26923076923076916,0.6129032258064516,[0.         0.73076923 1.        ],[0.         0.46153846 1.        ],3,5
434,9.0,0.038461538461538436,0.5172413793103448,[0.         0.57692308 1.        ],[0.         0.53846154 1.        ],4,5
435,9.0,0.038461538461538436,0.5185185185185186,[0.         0.53846154 1.        ],[0.  0.5 1. ],5,5
436,9.0,0.15384615384615385,0.5714285714285714,[0.         0.61538462 1.        ],[0.         0.46153846 1.        ],6,5
437,9.0,0.2692307692307692,0.6296296296296295,[0.         0.65384615 1.        ],[0.         0.38461538 1.        ],7,5
438,9.0,0.15384615384615385,0.5526315789473684,[0.         0.80769231 1.        ],[0.         0.65384615 1.        ],8,5
439,9.0,0.11538461538461542,0.5714285714285714,[0.         0.46153846 1.        ],[0.         0.34615385 1.        ],9,5
440,0.5,0.6153846153846154,1.0,[0.         0.61538462 1.        ],[0. 0. 1.],0,6
441,0.5,0.0,0.5,[0. 1.],[0. 1.],1,6
442,0.5,0.38461538461538464,1.0,[0.         0.38461538 1.        ],[0. 0. 1.],2,6
443,0.5,0.2692307692307692,1.0,[0.         0.26923077 1.        ],[0. 0. 1.],3,6
444,0.5,0.15384615384615385,1.0,[0.         0.15384615 1.        ],[0. 0. 1.],4,6
445,0.5,0.15384615384615385,1.0,[0.         0.15384615 1.        ],[0. 0. 1.],5,6
446,0.5,0.19230769230769232,1.0,[0.         0.19230769 1.        ],[0. 0. 1.],6,6
447,0.5,0.2692307692307692,1.0,[0.         0.26923077 1.        ],[0. 0. 1.],7,6
448,0.5,0.3076923076923077,1.0,[0.         0.30769231 1.        ],[0. 0. 1.],8,6
449,0.5,0.4230769230769231,1.0,[0.         0.42307692 1.        ],[0. 0. 1.],9,6
450,0.7,0.5,1.0,[0.  0.5 1. ],[0. 0. 1.],0,6
451,0.7,0.34615384615384615,1.0,[0.         0.34615385 1.        ],[0. 0. 1.],1,6
452,0.7,0.4230769230769231,0.8666666666666667,[0.  0.5 1. ],[0.         0.07692308 1.        ],2,6
453,0.7,0.4230769230769231,1.0,[0.         0.42307692 1.        ],[0. 0. 1.],3,6
454,0.7,0.34615384615384615,1.0,[0.         0.34615385 1.        ],[0. 0. 1.],4,6
455,0.7,0.5,1.0,[0.  0.5 1. ],[0. 0. 1.],5,6
456,0.7,0.3076923076923077,0.7857142857142857,[0.         0.42307692 1.        ],[0.         0.11538462 1.        ],6,6
457,0.7,0.6923076923076923,1.0,[0.         0.69230769 1.        ],[0. 0. 1.],7,6
458,0.7,0.15384615384615385,1.0,[0.         0.15384615 1.        ],[0. 0. 1.],8,6
459,0.7,0.5,0.9333333333333333,[0.         0.53846154 1.        ],[0.         0.03846154 1.        ],9,6
460,1.0,0.5384615384615384,1.0,[0.         0.53846154 1.        ],[0. 0. 1.],0,6
461,1.0,0.0,0.5,[0. 1.],[0. 1.],1,6
462,1.0,0.46153846153846156,0.9285714285714286,[0.  0.5 1. ],[0.         0.03846154 1.        ],2,6
463,1.0,0.423076923076923,0.7037037037037037,[0.         0.73076923 1.        ],[0.         0.30769231 1.        ],3,6
464,1.0,0.03846153846153849,0.5333333333333334,[0.         0.30769231 1.        ],[0.         0.26923077 1.        ],4,6
465,1.0,0.34615384615384615,1.0,[0.         0.34615385 1.        ],[0. 0. 1.],5,6
466,1.0,0.5384615384615384,1.0,[0.         0.53846154 1.        ],[0. 0. 1.],6,6
467,1.0,0.19230769230769232,0.8571428571428571,[0.         0.23076923 1.        ],[0.         0.03846154 1.        ],7,6
468,1.0,0.0,0.5,[0. 1.],[0. 1.],8,6
469,1.0,0.6153846153846154,1.0,[0.         0.61538462 1.        ],[0. 0. 1.],9,6
470,1.5,0.34615384615384615,1.0,[0.         0.34615385 1.        ],[0. 0. 1.],0,6
471,1.5,0.6153846153846154,0.9444444444444445,[0.         0.65384615 1.        ],[0.         0.03846154 1.        ],1,6
472,1.5,0.2692307692307692,0.8181818181818181,[0.         0.34615385 1.        ],[0.         0.07692308 1.        ],2,6
473,1.5,0.1923076923076923,0.7777777777777778,[0.         0.26923077 1.        ],[0.         0.07692308 1.        ],3,6
474,1.5,0.3846153846153846,0.9166666666666666,[0.         0.42307692 1.        ],[0.         0.03846154 1.        ],4,6
475,1.5,0.23076923076923078,0.6666666666666667,[0.         0.46153846 1.        ],[0.         0.23076923 1.        ],5,6
476,1.5,0.26923076923076916,0.6521739130434783,[0.         0.57692308 1.        ],[0.         0.30769231 1.        ],6,6
477,1.5,0.0,0.5,[0.         0.11538462 1.        ],[0.         0.11538462 1.        ],7,6
478,1.5,0.6153846153846154,1.0,[0.         0.61538462 1.        ],[0. 0. 1.],8,6
479,1.5,0.3076923076923077,0.9,[0.         0.34615385 1.        ],[0.         0.03846154 1.        ],9,6
480,2.0,0.23076923076923078,0.7142857142857142,[0.         0.38461538 1.        ],[0.         0.15384615 1.        ],0,6
481,2.0,0.4615384615384615,0.7499999999999999,[0.         0.69230769 1.        ],[0.         0.23076923 1.        ],1,6
482,2.0,0.5,0.8095238095238095,[0.         0.65384615 1.        ],[0.         0.15384615 1.        ],2,6
483,2.0,0.4230769230769231,0.8666666666666667,[0.  0.5 1. ],[0.         0.07692308 1.        ],3,6
484,2.0,0.07692307692307687,0.5357142857142857,[0.         0.57692308 1.        ],[0.  0.5 1. ],4,6
485,2.0,0.46153846153846156,0.8,[0.         0.61538462 1.        ],[0.         0.15384615 1.        ],5,6
486,2.0,0.423076923076923,0.7894736842105263,[0.         0.57692308 1.        ],[0.         0.15384615 1.        ],6,6
487,2.0,0.2692307692307693,0.7058823529411765,[0.         0.46153846 1.        ],[0.         0.19230769 1.        ],7,6
488,2.0,0.15384615384615385,0.6111111111111112,[0.         0.42307692 1.        ],[0.         0.26923077 1.        ],8,6
489,2.0,0.11538461538461536,0.6363636363636364,[0.         0.26923077 1.        ],[0.         0.15384615 1.        ],9,6
490,2.5,0.07692307692307693,0.5625,[0.         0.34615385 1.        ],[0.         0.26923077 1.        ],0,6
491,2.5,0.5384615384615384,0.85,[0.         0.65384615 1.        ],[0.         0.11538462 1.        ],1,6
492,2.5,0.23076923076923075,0.6875,[0.         0.42307692 1.        ],[0.         0.19230769 1.        ],2,6
493,2.5,0.2692307692307692,0.7333333333333334,[0.         0.42307692 1.        ],[0.         0.15384615 1.        ],3,6
494,2.5,0.42307692307692313,0.6896551724137931,[0.         0.76923077 1.        ],[0.         0.34615385 1.        ],4,6
495,2.5,0.34615384615384615,0.7647058823529411,[0.  0.5 1. ],[0.         0.15384615 1.        ],5,6
496,2.5,0.23076923076923075,0.7499999999999999,[0.         0.34615385 1.        ],[0.         0.11538462 1.        ],6,6
497,2.5,-0.11538461538461542,0.4117647058823529,[0.         0.26923077 1.        ],[0.         0.38461538 1.        ],7,6
498,2.5,0.2692307692307692,0.6296296296296295,[0.         0.65384615 1.        ],[0.         0.38461538 1.        ],8,6
499,2.5,0.1923076923076923,0.6190476190476191,[0.  0.5 1. ],[0.         0.30769231 1.        ],9,6
500,3.0,0.038461538461538436,0.5384615384615384,[0.         0.26923077 1.        ],[0.         0.23076923 1.        ],0,6
501,3.0,0.5384615384615385,0.888888888888889,[0.         0.61538462 1.        ],[0.         0.07692308 1.        ],1,6
502,3.0,0.2692307692307692,0.6206896551724138,[0.         0.69230769 1.        ],[0.         0.42307692 1.        ],2,6
503,3.0,0.07692307692307693,0.5454545454545454,[0.         0.46153846 1.        ],[0.         0.38461538 1.        ],3,6
504,3.0,0.3076923076923077,0.6666666666666666,[0.         0.61538462 1.        ],[0.         0.30769231 1.        ],4,6
505,3.0,0.3076923076923077,0.7222222222222222,[0.  0.5 1. ],[0.         0.19230769 1.        ],5,6
506,3.0,0.1923076923076923,0.5806451612903226,[0.         0.69230769 1.        ],[0.  0.5 1. ],6,6
507,3.0,0.1538461538461538,0.5833333333333333,[0.         0.53846154 1.        ],[0.         0.38461538 1.        ],7,6
508,3.0,0.2692307692307692,0.6296296296296295,[0.         0.65384615 1.        ],[0.         0.38461538 1.        ],8,6
509,3.0,0.30769230769230765,0.6333333333333333,[0.         0.73076923 1.        ],[0.         0.42307692 1.        ],9,6
510,3.5,0.0,0.5,[0.         0.53846154 1.        ],[0.         0.53846154 1.        ],0,6
511,3.5,0.15384615384615385,0.625,[0.         0.38461538 1.        ],[0.         0.23076923 1.        ],1,6
512,3.5,0.11538461538461542,0.5517241379310345,[0.         0.61538462 1.        ],[0.  0.5 1. ],2,6
513,3.5,0.11538461538461542,0.5714285714285714,[0.         0.46153846 1.        ],[0.         0.34615385 1.        ],3,6
514,3.5,0.19230769230769235,0.5925925925925926,[0.         0.61538462 1.        ],[0.         0.42307692 1.        ],4,6
515,3.5,0.19230769230769235,0.5925925925925926,[0.         0.61538462 1.        ],[0.         0.42307692 1.        ],5,6
516,3.5,0.19230769230769224,0.6,[0.         0.57692308 1.        ],[0.         0.38461538 1.        ],6,6
517,3.5,0.3461538461538461,0.6551724137931034,[0.         0.73076923 1.        ],[0.         0.38461538 1.        ],7,6
518,3.5,0.23076923076923073,0.625,[0.         0.57692308 1.        ],[0.         0.34615385 1.        ],8,6
519,3.5,0.23076923076923078,0.6666666666666667,[0.         0.46153846 1.        ],[0.         0.23076923 1.        ],9,6
520,5.0,0.1538461538461538,0.5769230769230769,[0.         0.57692308 1.        ],[0.         0.42307692 1.        ],0,6
521,5.0,0.15384615384615385,0.5588235294117647,[0.         0.73076923 1.        ],[0.         0.57692308 1.        ],1,6
522,5.0,0.07692307692307693,0.5555555555555556,[0.         0.38461538 1.        ],[0.         0.30769231 1.        ],2,6
523,5.0,0.23076923076923073,0.625,[0.         0.57692308 1.        ],[0.         0.34615385 1.        ],3,6
524,5.0,0.15384615384615385,0.5625,[0.         0.69230769 1.        ],[0.         0.53846154 1.        ],4,6
525,5.0,0.0,0.5,[0.         0.38461538 1.        ],[0.         0.38461538 1.        ],5,6
526,5.0,0.07692307692307698,0.5333333333333334,[0.         0.61538462 1.        ],[0.         0.53846154 1.        ],6,6
527,5.0,-0.07692307692307698,0.4666666666666667,[0.         0.53846154 1.        ],[0.         0.61538462 1.        ],7,6
528,5.0,0.19230769230769224,0.6,[0.         0.57692308 1.        ],[0.         0.38461538 1.        ],8,6
529,5.0,0.3846153846153846,0.6923076923076923,[0.         0.69230769 1.        ],[0.         0.30769231 1.        ],9,6
530,7.0,0.0,0.5,[0.         0.73076923 1.        ],[0.         0.73076923 1.        ],0,6
531,7.0,-0.03846153846153855,0.48717948717948717,[0.         0.73076923 1.        ],[0.         0.76923077 1.        ],1,6
532,7.0,0.15384615384615385,0.5666666666666668,[0.         0.65384615 1.        ],[0.  0.5 1. ],2,6
533,7.0,0.0,0.5,[0.         0.42307692 1.        ],[0.         0.42307692 1.        ],3,6
534,7.0,-0.038461538461538436,0.48275862068965514,[0.         0.53846154 1.        ],[0.         0.57692308 1.        ],4,6
535,7.0,0.23076923076923073,0.6000000000000001,[0.         0.69230769 1.        ],[0.         0.46153846 1.        ],5,6
536,7.0,-0.1538461538461538,0.4166666666666667,[0.         0.38461538 1.        ],[0.         0.53846154 1.        ],6,6
537,7.0,0.3076923076923077,0.6111111111111112,[0.         0.84615385 1.        ],[0.         0.53846154 1.        ],7,6
538,7.0,0.3076923076923077,0.625,[0.         0.76923077 1.        ],[0.         0.46153846 1.        ],8,6
539,7.0,0.0,0.5,[0.         0.53846154 1.        ],[0.         0.53846154 1.        ],9,6
540,9.0,0.03846153846153849,0.5217391304347827,[0.         0.46153846 1.        ],[0.         0.42307692 1.        ],0,6
541,9.0,-0.11538461538461542,0.4482758620689655,[0.  0.5 1. ],[0.         0.61538462 1.        ],1,6
542,9.0,0.0,0.5,[0.         0.46153846 1.        ],[0.         0.46153846 1.        ],2,6
543,9.0,0.2692307692307692,0.6296296296296295,[0.         0.65384615 1.        ],[0.         0.38461538 1.        ],3,6
544,9.0,0.1923076923076923,0.5757575757575758,[0.         0.73076923 1.        ],[0.         0.53846154 1.        ],4,6
545,9.0,-0.07692307692307687,0.4772727272727273,[0.         0.80769231 1.        ],[0.         0.88461538 1.        ],5,6
546,9.0,0.2692307692307692,0.6296296296296295,[0.         0.65384615 1.        ],[0.         0.38461538 1.        ],6,6
547,9.0,0.23076923076923078,0.6153846153846154,[0.         0.61538462 1.        ],[0.         0.38461538 1.        ],7,6
548,9.0,0.038461538461538436,0.5294117647058824,[0.         0.34615385 1.        ],[0.         0.30769231 1.        ],8,6
549,9.0,0.038461538461538436,0.52,[0.  0.5 1. ],[0.         0.46153846 1.        ],9,6
550,0.5,0.0,0.5,[0.         0.23076923 1.        ],[0.         0.23076923 1.        ],0,7
551,0.5,0.5,1.0,[0.  0.5 1. ],[0. 0. 1.],1,7
552,0.5,0.2692307692307693,0.888888888888889,[0.         0.30769231 1.        ],[0.         0.03846154 1.        ],2,7
553,0.5,0.038461538461538464,1.0,[0.         0.03846154 1.        ],[0. 0. 1.],3,7
554,0.5,0.38461538461538464,1.0,[0.         0.38461538 1.        ],[0. 0. 1.],4,7
555,0.5,0.15384615384615385,1.0,[0.         0.15384615 1.        ],[0. 0. 1.],5,7
556,0.5,0.15384615384615385,1.0,[0.         0.15384615 1.        ],[0. 0. 1.],6,7
557,0.5,0.3076923076923077,1.0,[0.         0.30769231 1.        ],[0. 0. 1.],7,7
558,0.5,0.30769230769230765,0.7000000000000001,[0.         0.53846154 1.        ],[0.         0.23076923 1.        ],8,7
559,0.5,0.19230769230769232,1.0,[0.         0.19230769 1.        ],[0. 0. 1.],9,7
560,0.7,0.19230769230769232,1.0,[0.         0.19230769 1.        ],[0. 0. 1.],0,7
561,0.7,0.4230769230769231,1.0,[0.         0.42307692 1.        ],[0. 0. 1.],1,7
562,0.7,0.34615384615384615,1.0,[0.         0.34615385 1.        ],[0. 0. 1.],2,7
563,0.7,0.19230769230769232,1.0,[0.         0.19230769 1.        ],[0. 0. 1.],3,7
564,0.7,0.46153846153846156,1.0,[0.         0.46153846 1.        ],[0. 0. 1.],4,7
565,0.7,0.07692307692307693,1.0,[0.         0.07692308 1.        ],[0. 0. 1.],5,7
566,0.7,0.3846153846153846,0.9166666666666666,[0.         0.42307692 1.        ],[0.         0.03846154 1.        ],6,7
567,0.7,0.11538461538461539,1.0,[0.         0.11538462 1.        ],[0. 0. 1.],7,7
568,0.7,0.3076923076923077,1.0,[0.         0.30769231 1.        ],[0. 0. 1.],8,7
569,0.7,0.2692307692307692,1.0,[0.         0.26923077 1.        ],[0. 0. 1.],9,7
570,1.0,0.2692307692307693,0.888888888888889,[0.         0.30769231 1.        ],[0.         0.03846154 1.        ],0,7
571,1.0,0.15384615384615383,0.7000000000000001,[0.         0.26923077 1.        ],[0.         0.11538462 1.        ],1,7
572,1.0,0.23076923076923078,1.0,[0.         0.23076923 1.        ],[0. 0. 1.],2,7
573,1.0,0.19230769230769232,1.0,[0.         0.19230769 1.        ],[0. 0. 1.],3,7
574,1.0,0.34615384615384615,0.8461538461538461,[0.         0.42307692 1.        ],[0.         0.07692308 1.        ],4,7
575,1.0,0.15384615384615385,0.8333333333333334,[0.         0.19230769 1.        ],[0.         0.03846154 1.        ],5,7
576,1.0,0.30769230769230765,0.7000000000000001,[0.         0.53846154 1.        ],[0.         0.23076923 1.        ],6,7
577,1.0,0.3846153846153846,0.7777777777777778,[0.         0.53846154 1.        ],[0.         0.15384615 1.        ],7,7
578,1.0,0.2692307692307692,0.8181818181818181,[0.         0.34615385 1.        ],[0.         0.07692308 1.        ],8,7
579,1.0,0.3076923076923077,0.9,[0.         0.34615385 1.        ],[0.         0.03846154 1.        ],9,7
580,1.5,0.46153846153846156,0.9285714285714286,[0.  0.5 1. ],[0.         0.03846154 1.        ],0,7
581,1.5,0.15384615384615385,0.75,[0.         0.23076923 1.        ],[0.         0.07692308 1.        ],1,7
582,1.5,-0.038461538461538436,0.46153846153846156,[0.         0.23076923 1.        ],[0.         0.26923077 1.        ],2,7
583,1.5,0.2692307692307692,0.6842105263157894,[0.  0.5 1. ],[0.         0.23076923 1.        ],3,7
584,1.5,0.46153846153846156,0.7727272727272727,[0.         0.65384615 1.        ],[0.         0.19230769 1.        ],4,7
585,1.5,0.2692307692307693,0.888888888888889,[0.         0.30769231 1.        ],[0.         0.03846154 1.        ],5,7
586,1.5,0.1923076923076923,0.5862068965517241,[0.         0.65384615 1.        ],[0.         0.46153846 1.        ],6,7
587,1.5,0.30769230769230765,0.7000000000000001,[0.         0.53846154 1.        ],[0.         0.23076923 1.        ],7,7
588,1.5,0.5769230769230769,0.7586206896551724,[0.         0.84615385 1.        ],[0.         0.26923077 1.        ],8,7
589,1.5,0.5,0.8095238095238095,[0.         0.65384615 1.        ],[0.         0.15384615 1.        ],9,7
590,2.0,0.23076923076923078,0.6666666666666667,[0.         0.46153846 1.        ],[0.         0.23076923 1.        ],0,7
591,2.0,0.38461538461538464,1.0,[0.         0.38461538 1.        ],[0. 0. 1.],1,7
592,2.0,0.15384615384615385,0.5666666666666668,[0.         0.65384615 1.        ],[0.  0.5 1. ],2,7
593,2.0,0.07692307692307693,1.0,[0.         0.07692308 1.        ],[0. 0. 1.],3,7
594,2.0,0.49999999999999994,0.8823529411764707,[0.         0.57692308 1.        ],[0.         0.07692308 1.        ],4,7
595,2.0,-0.038461538461538464,0.4444444444444445,[0.         0.15384615 1.        ],[0.         0.19230769 1.        ],5,7
596,2.0,0.11538461538461536,0.56,[0.         0.53846154 1.        ],[0.         0.42307692 1.        ],6,7
597,2.0,0.0,0.5,[0.         0.19230769 1.        ],[0.         0.19230769 1.        ],7,7
598,2.0,0.15384615384615385,0.8333333333333334,[0.         0.19230769 1.        ],[0.         0.03846154 1.        ],8,7
599,2.0,0.23076923076923078,0.6666666666666667,[0.         0.46153846 1.        ],[0.         0.23076923 1.        ],9,7
600,2.5,0.11538461538461539,0.6153846153846154,[0.         0.30769231 1.        ],[0.         0.19230769 1.        ],0,7
601,2.5,0.23076923076923075,0.7499999999999999,[0.         0.34615385 1.        ],[0.         0.11538462 1.        ],1,7
602,2.5,0.15384615384615385,0.6666666666666666,[0.         0.30769231 1.        ],[0.         0.15384615 1.        ],2,7
603,2.5,0.11538461538461536,0.5652173913043479,[0.  0.5 1. ],[0.         0.38461538 1.        ],3,7
604,2.5,-0.07692307692307693,0.45454545454545453,[0.         0.38461538 1.        ],[0.         0.46153846 1.        ],4,7
605,2.5,0.2692307692307693,0.7058823529411765,[0.         0.46153846 1.        ],[0.         0.19230769 1.        ],5,7
606,2.5,0.46153846153846156,0.7727272727272727,[0.         0.65384615 1.        ],[0.         0.19230769 1.        ],6,7
607,2.5,0.038461538461538436,0.5294117647058824,[0.         0.34615385 1.        ],[0.         0.30769231 1.        ],7,7
608,2.5,0.19230769230769235,0.631578947368421,[0.         0.46153846 1.        ],[0.         0.26923077 1.        ],8,7
609,2.5,0.1923076923076923,0.6190476190476191,[0.  0.5 1. ],[0.         0.30769231 1.        ],9,7
610,3.0,0.19230769230769235,0.5925925925925926,[0.         0.61538462 1.        ],[0.         0.42307692 1.        ],0,7
611,3.0,0.15384615384615383,0.6428571428571429,[0.         0.34615385 1.        ],[0.         0.19230769 1.        ],1,7
612,3.0,0.15384615384615385,0.75,[0.         0.23076923 1.        ],[0.         0.07692308 1.        ],2,7
613,3.0,0.23076923076923073,0.6000000000000001,[0.         0.69230769 1.        ],[0.         0.46153846 1.        ],3,7
614,3.0,-0.07692307692307693,0.4583333333333333,[0.         0.42307692 1.        ],[0.  0.5 1. ],4,7
615,3.0,0.23076923076923078,0.6666666666666667,[0.         0.46153846 1.        ],[0.         0.23076923 1.        ],5,7
616,3.0,0.23076923076923075,0.8749999999999999,[0.         0.26923077 1.        ],[0.         0.03846154 1.        ],6,7
617,3.0,0.23076923076923073,0.625,[0.         0.57692308 1.        ],[0.         0.34615385 1.        ],7,7
618,3.0,0.03846153846153849,0.5263157894736842,[0.         0.38461538 1.        ],[0.         0.34615385 1.        ],8,7
619,3.0,0.3461538461538461,0.6551724137931034,[0.         0.73076923 1.        ],[0.         0.38461538 1.        ],9,7
620,3.5,0.03846153846153855,0.5161290322580645,[0.         0.61538462 1.        ],[0.         0.57692308 1.        ],0,7
621,3.5,0.23076923076923073,0.6000000000000001,[0.         0.69230769 1.        ],[0.         0.46153846 1.        ],1,7
622,3.5,0.3461538461538461,0.7142857142857142,[0.         0.57692308 1.        ],[0.         0.23076923 1.        ],2,7
623,3.5,0.1923076923076923,0.5806451612903226,[0.         0.69230769 1.        ],[0.  0.5 1. ],3,7
624,3.5,0.2692307692307692,0.7333333333333334,[0.         0.42307692 1.        ],[0.         0.15384615 1.        ],4,7
625,3.5,0.07692307692307693,0.5454545454545454,[0.         0.46153846 1.        ],[0.         0.38461538 1.        ],5,7
626,3.5,0.23076923076923073,0.6363636363636364,[0.         0.53846154 1.        ],[0.         0.30769231 1.        ],6,7
627,3.5,0.15384615384615385,0.6111111111111112,[0.         0.42307692 1.        ],[0.         0.26923077 1.        ],7,7
628,3.5,0.2692307692307692,0.6206896551724138,[0.         0.69230769 1.        ],[0.         0.42307692 1.        ],8,7
629,3.5,0.03846153846153849,0.5333333333333334,[0.         0.30769231 1.        ],[0.         0.26923077 1.        ],9,7
630,5.0,-0.038461538461538436,0.48148148148148157,[0.  0.5 1. ],[0.         0.53846154 1.        ],0,7
631,5.0,0.0,0.5,[0.         0.61538462 1.        ],[0.         0.61538462 1.        ],1,7
632,5.0,-0.07692307692307693,0.45454545454545453,[0.         0.38461538 1.        ],[0.         0.46153846 1.        ],2,7
633,5.0,0.07692307692307693,0.6,[0.         0.23076923 1.        ],[0.         0.15384615 1.        ],3,7
634,5.0,0.23076923076923073,0.625,[0.         0.57692308 1.        ],[0.         0.34615385 1.        ],4,7
635,5.0,0.2692307692307692,0.6296296296296295,[0.         0.65384615 1.        ],[0.         0.38461538 1.        ],5,7
636,5.0,-0.07692307692307687,0.46153846153846156,[0.         0.46153846 1.        ],[0.         0.53846154 1.        ],6,7
637,5.0,0.1923076923076923,0.6190476190476191,[0.  0.5 1. ],[0.         0.30769231 1.        ],7,7
638,5.0,0.423076923076923,0.7037037037037037,[0.         0.73076923 1.        ],[0.         0.30769231 1.        ],8,7
639,5.0,0.2692307692307692,0.6206896551724138,[0.         0.69230769 1.        ],[0.         0.42307692 1.        ],9,7
640,7.0,0.15384615384615385,0.5714285714285714,[0.         0.61538462 1.        ],[0.         0.46153846 1.        ],0,7
641,7.0,0.2692307692307693,0.6060606060606061,[0.         0.76923077 1.        ],[0.  0.5 1. ],1,7
642,7.0,0.19230769230769224,0.6,[0.         0.57692308 1.        ],[0.         0.38461538 1.        ],2,7
643,7.0,0.15384615384615385,0.5625,[0.         0.69230769 1.        ],[0.         0.53846154 1.        ],3,7
644,7.0,0.38461538461538464,0.6666666666666666,[0.         0.76923077 1.        ],[0.         0.38461538 1.        ],4,7
645,7.0,0.0,0.5,[0.         0.61538462 1.        ],[0.         0.61538462 1.        ],5,7
646,7.0,0.07692307692307687,0.5357142857142857,[0.         0.57692308 1.        ],[0.  0.5 1. ],6,7
647,7.0,-0.11538461538461536,0.44000000000000006,[0.         0.42307692 1.        ],[0.         0.53846154 1.        ],7,7
648,7.0,0.2692307692307692,0.6206896551724138,[0.         0.69230769 1.        ],[0.         0.42307692 1.        ],8,7
649,7.0,0.3076923076923077,0.6666666666666666,[0.         0.61538462 1.        ],[0.         0.30769231 1.        ],9,7
650,9.0,0.34615384615384615,0.6363636363636365,[0.         0.80769231 1.        ],[0.         0.46153846 1.        ],0,7
651,9.0,0.1538461538461538,0.5769230769230769,[0.         0.57692308 1.        ],[0.         0.42307692 1.        ],1,7
652,9.0,0.1923076923076923,0.5757575757575758,[0.         0.73076923 1.        ],[0.         0.53846154 1.        ],2,7
653,9.0,0.15384615384615385,0.5625,[0.         0.69230769 1.        ],[0.         0.53846154 1.        ],3,7
654,9.0,0.23076923076923073,0.5937499999999999,[0.         0.73076923 1.        ],[0.  0.5 1. ],4,7
655,9.0,0.038461538461538436,0.5172413793103448,[0.         0.57692308 1.        ],[0.         0.53846154 1.        ],5,7
656,9.0,0.0,0.5,[0.  0.5 1. ],[0.  0.5 1. ],6,7
657,9.0,0.07692307692307687,0.5357142857142857,[0.         0.57692308 1.        ],[0.  0.5 1. ],7,7
658,9.0,0.15384615384615385,0.5588235294117647,[0.         0.73076923 1.        ],[0.         0.57692308 1.        ],8,7
659,9.0,0.38461538461538464,0.7272727272727272,[0.         0.61538462 1.        ],[0.         0.23076923 1.        ],9,7
660,0.5,0.2692307692307692,1.0,[0.         0.26923077 1.        ],[0. 0. 1.],0,8
661,0.5,0.34615384615384615,1.0,[0.         0.34615385 1.        ],[0. 0. 1.],1,8
662,0.5,0.07692307692307693,1.0,[0.         0.07692308 1.        ],[0. 0. 1.],2,8
663,0.5,0.38461538461538464,1.0,[0.         0.38461538 1.        ],[0. 0. 1.],3,8
664,0.5,0.038461538461538464,1.0,[0.         0.03846154 1.        ],[0. 0. 1.],4,8
665,0.5,0.19230769230769232,1.0,[0.         0.19230769 1.        ],[0. 0. 1.],5,8
666,0.5,0.0,0.5,[0. 1.],[0. 1.],6,8
667,0.5,0.19230769230769232,1.0,[0.         0.19230769 1.        ],[0. 0. 1.],7,8
668,0.5,0.07692307692307693,1.0,[0.         0.07692308 1.        ],[0. 0. 1.],8,8
669,0.5,0.11538461538461539,1.0,[0.         0.11538462 1.        ],[0. 0. 1.],9,8
670,0.7,0.5384615384615384,1.0,[0.         0.53846154 1.        ],[0. 0. 1.],0,8
671,0.7,-0.038461538461538464,0.4,[0.         0.07692308 1.        ],[0.         0.11538462 1.        ],1,8
672,0.7,0.15384615384615385,1.0,[0.         0.15384615 1.        ],[0. 0. 1.],2,8
673,0.7,0.2692307692307692,1.0,[0.         0.26923077 1.        ],[0. 0. 1.],3,8
674,0.7,0.07692307692307693,0.625,[0.         0.19230769 1.        ],[0.         0.11538462 1.        ],4,8
675,0.7,0.19230769230769232,1.0,[0.         0.19230769 1.        ],[0. 0. 1.],5,8
676,0.7,0.3076923076923077,1.0,[0.         0.30769231 1.        ],[0. 0. 1.],6,8
677,0.7,0.3076923076923077,1.0,[0.         0.30769231 1.        ],[0. 0. 1.],7,8
678,0.7,0.38461538461538464,1.0,[0.         0.38461538 1.        ],[0. 0. 1.],8,8
679,0.7,0.11538461538461539,1.0,[0.         0.11538462 1.        ],[0. 0. 1.],9,8
680,1.0,0.34615384615384615,1.0,[0.         0.34615385 1.        ],[0. 0. 1.],0,8
681,1.0,0.038461538461538464,1.0,[0.         0.03846154 1.        ],[0. 0. 1.],1,8
682,1.0,0.038461538461538464,1.0,[0.         0.03846154 1.        ],[0. 0. 1.],2,8
683,1.0,0.07692307692307693,1.0,[0.         0.07692308 1.        ],[0. 0. 1.],3,8
684,1.0,0.23076923076923078,1.0,[0.         0.23076923 1.        ],[0. 0. 1.],4,8
685,1.0,0.2692307692307692,1.0,[0.         0.26923077 1.        ],[0. 0. 1.],5,8
686,1.0,0.038461538461538464,1.0,[0.         0.03846154 1.        ],[0. 0. 1.],6,8
687,1.0,0.15384615384615385,0.625,[0.         0.38461538 1.        ],[0.         0.23076923 1.        ],7,8
688,1.0,0.23076923076923078,1.0,[0.         0.23076923 1.        ],[0. 0. 1.],8,8
689,1.0,0.38461538461538464,1.0,[0.         0.38461538 1.        ],[0. 0. 1.],9,8
690,1.5,0.11538461538461539,0.8,[0.         0.15384615 1.        ],[0.         0.03846154 1.        ],0,8
691,1.5,0.23076923076923078,1.0,[0.         0.23076923 1.        ],[0. 0. 1.],1,8
692,1.5,0.4230769230769231,1.0,[0.         0.42307692 1.        ],[0. 0. 1.],2,8
693,1.5,0.11538461538461539,1.0,[0.         0.11538462 1.        ],[0. 0. 1.],3,8
694,1.5,0.07692307692307693,1.0,[0.         0.07692308 1.        ],[0. 0. 1.],4,8
695,1.5,0.23076923076923078,1.0,[0.         0.23076923 1.        ],[0. 0. 1.],5,8
696,1.5,0.15384615384615385,1.0,[0.         0.15384615 1.        ],[0. 0. 1.],6,8
697,1.5,0.038461538461538464,0.5555555555555556,[0.         0.19230769 1.        ],[0.         0.15384615 1.        ],7,8
698,1.5,0.07692307692307693,1.0,[0.         0.07692308 1.        ],[0. 0. 1.],8,8
699,1.5,0.0,0.5,[0.         0.07692308 1.        ],[0.         0.07692308 1.        ],9,8
700,2.0,0.11538461538461536,0.6363636363636364,[0.         0.26923077 1.        ],[0.         0.15384615 1.        ],0,8
701,2.0,0.38461538461538464,0.8571428571428571,[0.         0.46153846 1.        ],[0.         0.07692308 1.        ],1,8
702,2.0,0.3076923076923077,1.0,[0.         0.30769231 1.        ],[0. 0. 1.],2,8
703,2.0,0.07692307692307693,1.0,[0.         0.07692308 1.        ],[0. 0. 1.],3,8
704,2.0,0.2692307692307692,1.0,[0.         0.26923077 1.        ],[0. 0. 1.],4,8
705,2.0,0.23076923076923075,0.8749999999999999,[0.         0.26923077 1.        ],[0.         0.03846154 1.        ],5,8
706,2.0,0.19230769230769232,0.6666666666666666,[0.         0.38461538 1.        ],[0.         0.19230769 1.        ],6,8
707,2.0,0.11538461538461539,0.8,[0.         0.15384615 1.        ],[0.         0.03846154 1.        ],7,8
708,2.0,0.11538461538461539,0.6666666666666667,[0.         0.23076923 1.        ],[0.         0.11538462 1.        ],8,8
709,2.0,0.03846153846153849,0.5217391304347827,[0.         0.46153846 1.        ],[0.         0.42307692 1.        ],9,8
710,2.5,0.07692307692307693,0.5625,[0.         0.34615385 1.        ],[0.         0.26923077 1.        ],0,8
711,2.5,0.2692307692307692,0.7333333333333334,[0.         0.42307692 1.        ],[0.         0.15384615 1.        ],1,8
712,2.5,0.0,0.5,[0.         0.46153846 1.        ],[0.         0.46153846 1.        ],2,8
713,2.5,0.34615384615384615,0.7647058823529411,[0.  0.5 1. ],[0.         0.15384615 1.        ],3,8
714,2.5,0.15384615384615383,0.6428571428571429,[0.         0.34615385 1.        ],[0.         0.19230769 1.        ],4,8
715,2.5,0.11538461538461536,0.6000000000000001,[0.         0.34615385 1.        ],[0.         0.23076923 1.        ],5,8
716,2.5,0.1923076923076923,0.6086956521739131,[0.         0.53846154 1.        ],[0.         0.34615385 1.        ],6,8
717,2.5,0.2692307692307692,0.6842105263157894,[0.  0.5 1. ],[0.         0.23076923 1.        ],7,8
718,2.5,0.23076923076923075,0.6875,[0.         0.42307692 1.        ],[0.         0.19230769 1.        ],8,8
719,2.5,0.11538461538461539,0.6666666666666667,[0.         0.23076923 1.        ],[0.         0.11538462 1.        ],9,8
720,3.0,0.15384615384615383,0.6428571428571429,[0.         0.34615385 1.        ],[0.         0.19230769 1.        ],0,8
721,3.0,0.19230769230769232,0.6666666666666666,[0.         0.38461538 1.        ],[0.         0.19230769 1.        ],1,8
722,3.0,-0.038461538461538436,0.47058823529411764,[0.         0.30769231 1.        ],[0.         0.34615385 1.        ],2,8
723,3.0,0.11538461538461539,0.7142857142857142,[0.         0.19230769 1.        ],[0.         0.07692308 1.        ],3,8
724,3.0,0.07692307692307693,0.55,[0.         0.42307692 1.        ],[0.         0.34615385 1.        ],4,8
725,3.0,0.30769230769230765,0.6818181818181819,[0.         0.57692308 1.        ],[0.         0.26923077 1.        ],5,8
726,3.0,0.23076923076923078,0.65,[0.  0.5 1. ],[0.         0.26923077 1.        ],6,8
727,3.0,0.3461538461538461,0.7142857142857142,[0.         0.57692308 1.        ],[0.         0.23076923 1.        ],7,8
728,3.0,0.23076923076923078,0.65,[0.  0.5 1. ],[0.         0.26923077 1.        ],8,8
729,3.0,0.03846153846153849,0.5263157894736842,[0.         0.38461538 1.        ],[0.         0.34615385 1.        ],9,8
730,3.5,0.11538461538461536,0.56,[0.         0.53846154 1.        ],[0.         0.42307692 1.        ],0,8
731,3.5,0.3846153846153846,0.7777777777777778,[0.         0.53846154 1.        ],[0.         0.15384615 1.        ],1,8
732,3.5,-0.038461538461538436,0.4761904761904762,[0.         0.38461538 1.        ],[0.         0.42307692 1.        ],2,8
733,3.5,0.23076923076923073,0.625,[0.         0.57692308 1.        ],[0.         0.34615385 1.        ],3,8
734,3.5,0.1923076923076923,0.5862068965517241,[0.         0.65384615 1.        ],[0.         0.46153846 1.        ],4,8
735,3.5,0.2692307692307692,0.7333333333333334,[0.         0.42307692 1.        ],[0.         0.15384615 1.        ],5,8
736,3.5,0.038461538461538436,0.5185185185185186,[0.         0.53846154 1.        ],[0.  0.5 1. ],6,8
737,3.5,0.03846153846153849,0.5263157894736842,[0.         0.38461538 1.        ],[0.         0.34615385 1.        ],7,8
738,3.5,0.038461538461538436,0.52,[0.  0.5 1. ],[0.         0.46153846 1.        ],8,8
739,3.5,0.3461538461538462,0.6956521739130436,[0.         0.61538462 1.        ],[0.         0.26923077 1.        ],9,8
740,5.0,0.15384615384615385,0.5714285714285714,[0.         0.61538462 1.        ],[0.         0.46153846 1.        ],0,8
741,5.0,0.03846153846153849,0.5217391304347827,[0.         0.46153846 1.        ],[0.         0.42307692 1.        ],1,8
742,5.0,0.34615384615384615,0.6799999999999999,[0.         0.65384615 1.        ],[0.         0.30769231 1.        ],2,8
743,5.0,0.3076923076923077,0.6538461538461539,[0.         0.65384615 1.        ],[0.         0.34615385 1.        ],3,8
744,5.0,-0.23076923076923073,0.36363636363636365,[0.         0.30769231 1.        ],[0.         0.53846154 1.        ],4,8
745,5.0,0.11538461538461536,0.56,[0.         0.53846154 1.        ],[0.         0.42307692 1.        ],5,8
746,5.0,0.23076923076923073,0.6000000000000001,[0.         0.69230769 1.        ],[0.         0.46153846 1.        ],6,8
747,5.0,0.03846153846153849,0.5217391304347827,[0.         0.46153846 1.        ],[0.         0.42307692 1.        ],7,8
748,5.0,0.19230769230769235,0.631578947368421,[0.         0.46153846 1.        ],[0.         0.26923077 1.        ],8,8
749,5.0,-0.07692307692307693,0.4583333333333333,[0.         0.42307692 1.        ],[0.  0.5 1. ],9,8
750,7.0,0.11538461538461531,0.5428571428571428,[0.         0.73076923 1.        ],[0.         0.61538462 1.        ],0,8
751,7.0,0.34615384615384615,0.6285714285714286,[0.         0.84615385 1.        ],[0.  0.5 1. ],1,8
752,7.0,-0.03846153846153849,0.4736842105263157,[0.         0.34615385 1.        ],[0.         0.38461538 1.        ],2,8
753,7.0,0.30769230769230765,0.6333333333333333,[0.         0.73076923 1.        ],[0.         0.42307692 1.        ],3,8
754,7.0,0.11538461538461542,0.5517241379310345,[0.         0.61538462 1.        ],[0.  0.5 1. ],4,8
755,7.0,0.15384615384615385,0.5909090909090909,[0.  0.5 1. ],[0.         0.34615385 1.        ],5,8
756,7.0,0.34615384615384615,0.6216216216216217,[0.         0.88461538 1.        ],[0.         0.53846154 1.        ],6,8
757,7.0,0.1923076923076923,0.5862068965517241,[0.         0.65384615 1.        ],[0.         0.46153846 1.        ],7,8
758,7.0,0.19230769230769224,0.6,[0.         0.57692308 1.        ],[0.         0.38461538 1.        ],8,8
759,7.0,0.19230769230769224,0.6,[0.         0.57692308 1.        ],[0.         0.38461538 1.        ],9,8
760,9.0,0.19230769230769224,0.6,[0.         0.57692308 1.        ],[0.         0.38461538 1.        ],0,8
761,9.0,0.30769230769230765,0.6818181818181819,[0.         0.57692308 1.        ],[0.         0.26923077 1.        ],1,8
762,9.0,0.0,0.5,[0.         0.46153846 1.        ],[0.         0.46153846 1.        ],2,8
763,9.0,0.3846153846153846,0.6785714285714286,[0.         0.73076923 1.        ],[0.         0.34615385 1.        ],3,8
764,9.0,0.11538461538461542,0.5517241379310345,[0.         0.61538462 1.        ],[0.  0.5 1. ],4,8
765,9.0,0.11538461538461531,0.5555555555555556,[0.         0.57692308 1.        ],[0.         0.46153846 1.        ],5,8
766,9.0,0.1538461538461538,0.5769230769230769,[0.         0.57692308 1.        ],[0.         0.42307692 1.        ],6,8
767,9.0,-0.23076923076923073,0.4000000000000001,[0.         0.46153846 1.        ],[0.         0.69230769 1.        ],7,8
768,9.0,-0.038461538461538436,0.47058823529411764,[0.         0.30769231 1.        ],[0.         0.34615385 1.        ],8,8
769,9.0,0.11538461538461536,0.56,[0.         0.53846154 1.        ],[0.         0.42307692 1.        ],9,8
