x1,x2
181.77315388914622,84.66666949340257
27.486272127732192,43.50709825134702
-111.37716024759371,32.27460812397737
48.79629418846179,-67.30867376269326
25.451273943247042,-2.9696479643056874
202.6045048647978,-7.093673638540739
-3.13677270700035,94.8313673498819
154.89530347657063,7.092328021202393
161.7611692053331,80.31880543091852
-192.6825591544785,-41.90615096683915
172.11702696478918,-44.63857449060004
44.76880519149159,-29.858193154616227
-148.910201981796,5.854128897956171
-153.99102886566416,122.2364983969006
-150.090680061346,-19.311024673182246
191.02588274646507,-16.290677682274364
-73.91058459734309,-105.25791735669534
43.02155398398594,81.76802894801264
55.088330986055894,113.90656448221385
-131.93726437925477,-69.51511999340795
-74.33822400412042,-67.86683680609714
-121.6661494208542,25.044841938583378
-25.41388360019593,16.206540980641723
107.87002625488158,-90.54000380236354
195.28452851584086,-89.0207752328064
-81.99476440742248,-27.590316871022203
137.2483925353074,16.404063634252225
-18.97418521442824,-51.37730527016536
-143.51036401568578,49.275974598701104
81.99523130873301,-85.87305008602351
150.56877668291128,-52.09831062555963
-91.9971556110281,88.68888691182973
59.834894768157874,86.52941773559259
20.014857522504013,1.8654465247459016
27.892204203269483,-36.60249419706252
-40.6434348809675,98.98351004885247
-87.31576232601263,122.69430104356624
4.597872166882381,12.976305615134086
1.0032570062028567,-6.294360275059944
69.45193207940055,-9.5701686356603
117.00203119905183,-96.64091298939323
6.999700412206435,81.92807958227071
75.80089132838381,98.41071939414668
9.862828751541649,-8.720164342207331
-197.7793929130065,-34.4599498141541
14.177839196738063,-86.8242909019729
-121.0063430254217,76.44206297181306
-6.497104262832719,32.11888219972237
-13.978320029617286,-89.62639038322581
-73.23740361005629,42.70263493148955
-151.44496006501447,104.24108298322773
46.43831443813801,-71.47412630475802
165.72888170644788,3.652011019838621
-200.11501141719035,1.8616152738857912
-103.24265845760662,106.62616793540535
-35.52792832391556,25.860724324288537
-194.41044515512644,115.51069845717493
-1.1052675372392575,-43.70789570345772
163.4231713616653,44.5795583105931
-125.22216611475218,-22.16112931372325
-82.89114759125975,-106.24941187325201
70.99239215581021,114.17826930786036
22.280174453577956,35.93187178532951
-27.885790641918636,18.59256264825759
-157.13460252712417,-52.97777495719635
-107.67788477869783,39.552945445301084
-106.9712073924243,-93.39550194697605
-94.133750686239,-79.6804035913551
89.15628426062936,-25.324064530951297
191.52534738257765,-14.920800409961304
97.41007842993349,43.749911165848175
10.901374246617902,111.89901886260581
-158.48927564576599,-100.63730018776496
106.1111453101966,-41.93592285824842
-34.56708123518284,-118.43546100535823
-10.77052790675201,46.24022461899628
-31.726491698536858,29.075265419096258
-125.06590334097662,40.82517619768234
101.50543068207455,45.169060751325325
-13.8143195301905,14.711715949424477
-9.145466590942236,-44.70471832163625
-134.180723557998,19.52413443158991
-101.65188190311811,6.09085487624546
-32.81072456296964,-84.66048863048788
-31.002287251400677,-123.11541648841701
-59.114811460301674,-23.18413407519997
-179.38959304904307,-95.51638108251802
110.89900688915937,24.682363459051295
-18.299389642217402,58.89920170768116
-111.90660703871097,-11.866336572718696
152.15880659533718,52.845847469948644
10.211297161585344,-9.165758204310988
-91.86553106327499,-97.6109516924628
-180.31826893983862,-24.07463348663949
22.944318023611732,93.79008913832473
-36.72531792465841,109.24032370026579
87.85103311030775,30.787301178070496
-118.53378429557834,25.055430984839816
107.29430485986306,81.9738553848582
-87.92681817540927,33.182168239525346
-84.79988710234161,75.50353489150724
-54.366050065178435,-97.66170365953857
158.998757939815,47.0781016040576
-24.576636005287995,17.55131400644322
-97.83171341795524,85.70388780693405
-96.32952972746149,-51.56608486230005
66.77317143667835,-45.562815953654784
182.86098899690157,-101.13686751610489
44.699581418171825,-100.04312663102922
193.3919432522535,52.11700908990433
-0.7161677444126571,-58.13973248123641
16.91781493067532,53.131054844980696
-190.80935331363145,82.68457181100091
-120.80747674150987,89.57592250090876
104.81134871915212,-58.051218506271724
-51.08368240668233,-48.245082785794125
82.50926621477565,122.16091462793132
30.602034053093437,10.657438381194828
-42.4020159532008,-72.92258502128739
-38.26233063741499,-121.75926292733192
3.0318523771721613,52.03710595346459
117.13533663828488,47.0047650736828
190.67500697625354,29.711910340766355
57.147225852746374,86.3390799516263
109.34427659444725,44.13853336054695
-169.05240503518934,59.58710851831397
-45.449015782078405,-42.49519844442268
-186.2154862217912,-18.610605821810957
-19.493004649525506,45.983410017550966
-119.36349091233733,-81.41582092544365
122.17284326826838,-20.193950634320444
-30.275508394455592,33.76576085457971
12.061391671867327,-12.080621317089813
103.23090778650443,49.695104015030104
-167.20281692673242,-52.17280281989613
-57.97041522516229,103.27188081808168
-17.14748929378627,7.2571844460516415
2.401188739888765,18.127052665628494
-59.20866674447931,-69.39153884445639
180.7732341399531,-92.22562969745107
38.30415173289307,-114.21289955447654
131.08275934812107,16.940439098442408
-103.15063286091848,81.99562014849367
-182.55022848924133,44.35940818026591
-96.65026990814454,-62.44276042970857
179.5552387251394,-71.5622093587149
111.6461940818244,51.01480193023669
-169.3634466949396,-58.52064718734248
12.891866278131264,13.695798203624154
-65.73708223451663,-96.88717316574579
-173.03182982245715,-120.6082878837115
-64.76206763722459,12.140702551033355
-181.05970104019278,51.29180368721416
-113.09776919216489,-117.78702644434452
-34.99578406559924,-25.87629491516239
-39.28799191936618,-91.77515016827742
3.2357254335856056,-51.30703378464535
-201.82080811799898,-106.55512007497698
143.2245822003742,-113.44627098848109
176.65407559664365,-72.35327387660192
-195.98932093765103,-34.64100073855779
-160.38818675913305,1.2697403655828943
-35.51770588454329,-116.08156285064186
176.79096805730293,14.582033329182543
63.554651047027285,-29.79629907148781
-85.55984022934601,-111.25917173749176
-180.92031417525786,30.16267834736108
186.74975240361223,-1.214432450271452
-192.1407150865763,50.33109246357143
95.22080410773658,-74.27401157348933
151.7883485051538,-117.64006315150353
7.4337404642775935,-65.5703277431198
-38.05413835679061,104.77110427646323
129.13985071812075,-54.288433953706885
-176.0343977130225,-38.86655326623145
58.353794032578996,-65.8116954756084
188.02403954825454,4.086345261320119
67.80838158234495,19.64485543795576
108.4551378034787,-6.516712430145105
186.45098946482054,-103.68645433377105
176.62824738297422,95.68071868199614
130.82156532173943,-120.80170530390653
28.757691014492234,-38.47605657907524
-142.24680805326028,-90.58463276591748
-74.54421945715741,-123.4337007936874
-8.9269349698674,-41.33542958285973
15.57852294188018,56.96792625925372
-35.649010395622376,-27.262796181788623
94.13098176595217,48.209268092212966
19.55239125068992,-0.35867546689100627
135.00639289362587,121.97616994442332
92.9609387932456,18.167274043908797
138.88380107086172,15.38633478637372
-102.57400334245496,-7.168847701976085
64.5177259502657,37.792292604976694
83.65308630827154,8.378057847173457
-61.060807025919736,113.06390460587025
-112.25321468857453,34.24630029764628
7.8548768665634965,-88.07440418757709
10.694921570407482,85.08012021805844
-66.45467720480742,-111.70563769876402
-118.55834395907445,-1.5274478334338752
152.90554729568137,81.02973182425531
96.04859895850538,46.111517507940796
83.4737490490572,109.52751160806703
195.28373580787473,-90.08811922552547
130.61302428317916,64.05692938291209
-117.07578167862788,-67.88397194709742
178.72297646065797,-93.06878469087683
-37.042940672958025,-6.046636686751347
-74.47628838401894,103.7381612886313
-27.076816678527504,49.73423840009956
-92.58786364020703,-81.88616893713441
48.50243959007633,108.8157137497786
-98.35634863320867,74.64838901106718
125.18788668429778,-93.83810881072633
63.396466267842904,28.957380708967317
-124.45329779095276,-96.63054440499057
-130.14068508769105,103.21577679572316
178.64913676178227,-28.22605399211146
63.54082335815139,15.885971611761981
74.01972409805762,-56.88049211494005
24.676493569809292,38.7204794288248
169.5265420358329,68.42603520564732
19.282477820379995,104.04048306733156
192.99539861356416,-112.26929542107746
-33.43314304461596,-122.7147400051397
-72.96433766902656,101.40949600297097
-61.42981892816652,-45.946887876049246
-109.86194412835458,-60.93403313919705
-140.14487335007576,69.76649015092647
-62.30201440695275,-87.25362842661549
-181.8300769498628,74.13144961400704
-178.27806248330927,67.92398370293678
200.50407466678044,69.2564044370673
52.652147710660685,123.61989619423579
-25.00078344405366,-97.33077549634521
117.75721023857517,-94.1656841052414
30.247525012245838,-68.77171790546377
76.56176894732725,-102.72429668987358
87.71129014131006,68.74935314418948
-136.654678918597,43.771097551482455
119.3991688498911,-111.70189730462506
-126.06222320200642,99.77433059590561
60.50971913946466,-48.96822289824036
-4.813160593087464,-10.169868582715736
98.51760281717955,-105.12355619556666
-67.08469271336517,-59.77086919691466
77.52093546766423,53.00201413282418
123.56358954278772,-48.11023795515989
-63.43838068461647,-29.672060257801416
29.54692675390251,-42.25687054671184
-178.0625399107357,20.894218637502302
154.47987208910826,-18.100004262535688
-118.35114467372252,-41.99024262858679
-105.77022135197377,63.79462493542388
-69.73508853641786,75.53733855980312
52.539466262957575,109.00238015042186
-92.84351943553185,-61.09204939293307
-107.76316268636172,-66.36113228475213
-109.11539440583043,57.3647786776818
128.2946934210586,102.86776652910274
6.505997380675054,-118.87623848599588
8.4109868029366,-109.37405831169433
-78.14321161745407,-46.22255499814088
-133.64346226858945,110.35326513869276
-136.8669675379757,33.078830540626484
-103.76474138700816,38.546365817117845
150.801147720466,-54.32567293457146
125.43384838630402,56.46105929018829
171.73371114392486,-55.30340482153021
109.67859519114357,94.45138039334778
194.08377587959296,41.91061097323084
6.981089050066676,90.38547816544924
93.16643430173464,53.277579502075284
-83.83475078315443,3.4401237029730782
-126.81482777437387,-24.794189173433534
-201.70585182186852,-71.43755789564972
148.9225861654863,35.37374859327444
-56.367710525389036,9.594587477143227
-78.05163915835081,-1.292942421718191
60.95534991244248,56.12474520693304
32.89547980938077,-4.398865652567063
-136.8750610650549,-55.72088686975163
146.42786091656328,-79.71381651025916
-65.315896957979,58.073567134834946
158.88693991233862,48.744366596408355
63.033486209674194,-80.82329277363093
187.35953807402524,109.65301007429119
-65.12403689648812,6.920948628759132
183.28807982936408,-94.61851132273364
95.65873529634551,30.8031344666134
-71.02684507208393,-96.70305500886285
-106.31773667789486,-43.4425587222895
2.2614422462545445,21.131058696383025
-98.09188024046865,-34.950436221448896
183.47484287177784,-65.57758831800525
54.76387673588394,-119.4354828881476
-94.33270308134111,98.55906844824638
-131.38444944708343,-65.66713657166878
-9.405445052200772,116.78832802079233
102.69922154552273,-80.1253136892486
99.00067556290469,13.498985141622834
-30.371942203666542,-69.93243548105002
-181.25865190081035,-46.845122560523876
5.484197646625199,-48.6460708131207
-18.768265136435403,46.483046695506935
-8.636977531775118,45.50703318586722
-167.92890022564342,6.1669359032633935
83.62405335445372,24.484121929411305
-78.06092116297772,-60.402503655339544
-108.71808220680613,-2.2344667374352527
-80.33655845233216,-69.16233439820337
40.86056360315849,123.13344458940425
-14.638906897688987,1.0194389907429506
120.55000350917558,112.56268392986667
-44.04537320200457,6.1786404834629325
-117.39659647850962,11.549246045314568
-142.9900495168587,-36.04326147749291
-111.37330268467072,117.12652589189568
156.21860644772048,47.16417364241558
98.98022197406513,-4.212394968973761
-49.238577457891495,121.71801152233819
161.53321744647468,-90.22579711226528
-173.65485461312937,70.12770802710946
72.03737818332468,37.55402981680023
7.488658204406695,50.63329826081489
-147.2236451419602,-83.22355950184937
-71.92333994780476,-101.77517018497329
-7.185346064556293,49.516006938831865
163.92878337991695,-20.39521121312832
79.72460579937533,110.7234637219332
173.85258666444616,-6.819934724221925
103.54127313590129,5.0789247147253604
-89.17163527848145,21.934584481173633
-102.77745512864593,19.769167023595724
16.459682662123864,-31.44468525147813
-26.895176792029794,99.50749809496294
-0.25783822122537975,63.3294074250675
-114.67265361516633,30.270211322975292
-18.559196866217913,46.313523466049766
-17.033908918203217,76.04243873842539
185.65429518290955,-77.47039534546673
194.4049701502531,-72.84786773108081
-145.6649754696435,40.13416009169355
-67.81043586122813,-46.93479523427302
-10.961831941089464,-41.962946796004196
59.10869919671003,-95.52842877864589
91.30669276100657,-75.5353974763276
20.01826973124024,-40.974138994987555
128.745796481824,-44.899992809284306
-10.997844161008189,-5.458505278820113
154.13188979405513,-3.3614293427564323
-86.5561754571694,-111.7354014766504
71.13813711829259,-11.581165304991096
155.56461580083885,-66.70428976490686
-131.6639083929948,-35.69137455465655
156.9120123880114,101.6940487714517
28.30308834355598,58.96830870122379
110.8611697754994,-114.14576826136934
-54.023872749060835,-110.19456407983074
199.6822316215461,18.36934577262298
-64.95725432082487,-81.63531095469641
99.04350705008457,-58.62237422395406
-73.05150674622675,80.19746749527405
-72.86397742654152,4.615532679944877
-169.42582323434667,-106.40672828914013
193.98687918392895,-70.80615718519344
-174.03358616920445,-81.24284407158035
131.8729141058191,11.620839657332237
-79.3896571406317,71.26937072668474
178.29538584572134,61.037638124512554
-139.86123977992074,-5.793504835069964
-110.70047522898199,97.97039241821676
-17.355648406669395,0.5658890178434965
-9.206532726402514,-69.67550486686777
-71.79375285693624,-4.627576342906219
-153.24427971264234,-26.58917990754709
-76.35124335062305,-28.50820803677809
-114.70534582342484,92.8738149741943
192.2484340191834,100.86331643203155
192.71345786554113,-54.801603545570835
-140.2756446214976,-21.637612573969772
-175.2499898659502,-32.802649082283764
-91.6876796034167,10.399761801835231
-35.13515277582973,52.894406078389125
19.10066457328645,14.630775956574379
-197.51845864221755,117.9739608228956
59.1715099254291,-26.126067066402374
47.454108746541564,41.87816569196744
-6.936984799598164,-78.63542850427511
64.16381385708165,-38.45571330337807
-55.45007262388231,-88.84520456846579
-104.49176952648229,28.521130207494632
-109.92100642153332,-65.54488448672411
164.62041759713523,123.68842801724473
73.74004372065617,82.43606911673196
-45.14924406745426,77.02477521887583
166.56614647563134,-104.28575679043219
31.162851337967354,-56.31318583749204
38.240350557512876,90.24247439252497
53.570068423770564,-93.03038319629101
27.91349379341437,68.11223809397382
-118.30111046052748,21.475923666523
190.17161692319084,-120.24720364620414
143.0861604282001,-117.20130750422608
-105.7139441158057,-94.12733532175388
-6.555051795775644,116.7469585608032
202.2447980007907,35.59853219604322
-138.0206145599001,106.23067729011765
146.21905057253642,27.679213530532756
-3.7081758916534984,94.93787865201612
-162.7416395107844,8.676142495831643
71.91290110469097,-43.25587538086073
27.57560018343398,18.468692139005448
-123.75303165643945,-77.0155500602056
102.17671462712613,120.6758051594917
89.1821847137281,44.28156291839356
6.691893609742664,-15.973204580603184
171.24509015180337,105.2310444525984
-90.33398909665281,23.812824566934573
174.33562454697866,19.408900933130845
-144.2863708941217,6.144579046982519
-132.63677271707462,-64.82152387269392
137.3130956814611,-113.30906135846827
99.56684980230877,-122.38458972133573
-33.265394774259185,-103.34830735445928
-53.16803173712708,94.3157720868708
97.70291777089842,-62.35637246485428
-51.23295689579982,31.08341795377943
147.60840195411507,71.5032186370427
-67.41907932457237,63.11279906860057
-114.134216836784,90.9134234369225
46.51514376839413,-63.32830072057044
-4.432630847544922,-54.88819433644688
-191.0983455896482,-123.06279750641413
48.60638652449255,-90.02204103874489
40.74738640721667,111.51240233340987
134.15616857395042,27.723438702142904
-40.46820466588536,-8.666833448560451
127.85957914422761,121.01037868719955
154.19935020316709,114.19593174916554
-12.401754270040211,-85.97375757221751
158.62650638391162,-51.551350663866664
-120.59776026781337,-43.74257815169359
181.78988466830086,0.5079591642514915
46.2295742892301,-14.343874193894528
79.18027434897384,98.04005135764504
-1.5543186329837528,-39.65238473675532
-81.18299632462593,36.743300852584184
186.4645313690342,-30.935103834040998
42.23496080636448,-116.72911802750019
122.14665554384585,-81.44272157978492
-65.05730256285786,0.09691604246223107
-75.34324745899362,-120.24291861481424
-161.975364925282,-3.9969746125941215
157.51178258561075,5.687170920239449
1.3672781907178133,62.689019281967965
-43.62477551161693,-19.792520462983983
-171.51635544350938,-102.68942176175541
136.10935219575177,-122.64426692401986
20.5193075073966,-101.91639778654759
-134.4236101575628,121.09360126434404
70.93428313154465,-72.74843605560623
6.715709074597819,-7.559172488778288
-168.60808122114213,-87.5337700957107
-84.57237165858177,97.21664545599431
146.6933847223839,101.67115821636854
182.9587268172501,85.0821648625165
116.08782153502708,-16.601616228371
-98.2216543080614,2.992154986458094
114.42813534839702,-84.504624380029
136.518886708816,25.724372534385534
-142.84087435796505,-18.770494783002793
-157.13443085567505,-4.95670255913605
-128.46671238633073,-57.537144942848684
-21.212550952313816,-116.88289555061854
131.2728910109279,30.843484698442456
127.98900509097166,18.298350147138866
-36.84738040936967,80.85539649349404
-188.77273166420164,14.62153015241827
-171.86290870378,-13.841117836737325
58.604734036751545,25.15031503016381
137.01831095002623,67.07445687459389
-165.16247863190083,102.31515080140646
112.9492727716475,110.08576773743876
-73.90266567184639,-30.798796085186336
-26.58008964577714,20.203767846270953
-64.26665836498385,99.53023816021663
165.71873303026612,68.5994818669172
-159.71460070950172,-74.58151677877481
83.4260839039305,56.036469190838815
-176.079840683574,19.289622121343378
-37.096195543084455,-85.14481956317628
181.2064648525634,-98.02366096056691
73.85813898819333,76.95533672256143
-88.47694913398496,-55.86641411535488
141.85450073841233,-62.57097336228149
63.259478253465055,53.098220268164695
-76.56284020978583,87.21051762353646
-82.75691409777862,91.45007784888276
-137.3611124043519,67.63905464268744
-145.37617035338883,110.87553467655003
-169.15458230179584,89.5246687160259
116.30755810694313,-115.33814403181715
87.84712432547661,-85.03305920066347
-43.16239368599251,-77.00214384176465
182.64461612170737,68.87247794902162
-201.1939562874972,-84.55110452228037
-119.78997975545612,-99.84506349531745
-124.45231114894683,92.05708657341572
125.73100372941897,-38.572736559411176
23.54428692362417,-100.25872381315092
161.75245712658153,-112.05013933970754
155.2948614154584,-55.44862063584207
-31.356858743641745,43.043317576292026
-27.17553775698394,107.53676528325822
59.23696283631471,112.38790383538124
-10.932708510173434,-79.80495156163254
-20.018717710386973,88.07991357162894
115.10475056912884,-71.89070853584285
-3.3365799610639733,51.81452495009405
30.79225424923353,-9.92071559780665
152.33051103255747,27.439076760195203
-72.1080500828878,101.57697924893527
83.89996084561922,58.96496346779983
169.60400859924246,97.89507043928543
67.42240563470183,-103.38712611684576
-125.1196929067366,-50.73468260753882
174.5302452736498,-46.33781445801787
82.20367892788107,-121.29578133524208
73.5738185772519,-41.21413609052455
-62.51892158905898,-114.50812411360586
-63.64597595447483,100.43379053876369
37.270800255721205,66.69715697816662
163.4035049791678,-0.2390314113560779
-138.28913330126116,73.54294704523446
16.790248644798336,-30.45272421189804
-132.10990270176634,25.231204848594313
-191.91831447012277,-6.41669766230218
-153.92225525806955,-76.29264992341265
-53.97093846586574,79.31403354802379
125.83178028180754,-3.570764397199897
143.99138215445956,36.19310762016361
172.93553806961825,23.858065122728835
141.2745737293479,-105.83072369307834
64.91113462847149,43.77396356887766
184.37754868170228,-3.2508271187811215
89.0228119165374,9.397640401727703
-132.34942373272077,-35.74902704472341
31.290921343678487,-93.23278136356062
-123.35846165867979,4.987763217093955
-121.36954654129227,12.136570887343128
135.01511676392212,-7.730069192241712
0.17999984189090565,35.65718837684035
159.9471745444078,-93.8999477202788
109.0956310697608,-12.620930855126447
142.8040203198142,-21.420898525811875
36.319416604245994,-112.85087904310525
-132.09955323843442,62.358120669343364
-127.61727786948093,-27.46790221036828
147.9857447137697,-42.97669252098233
-124.21989557010201,66.1879435386509
-181.11167307218733,-43.31631568051988
129.77831013763483,-38.250631215916876
-171.08924611139324,68.49196752689402
63.08976107565143,75.34445884216296
-130.3879218866664,-116.53526166714889
127.5750417831022,-120.24384346629597
-72.40774642734098,80.72760946570331
-177.89680006020436,-33.92892670191746
5.241526493527317,15.279463029435242
-65.31270549045762,53.48947307366291
-182.7619411493708,-2.013384144869853
86.06979562516938,-6.184391201381697
-172.00908135724563,39.112099607783854
-68.05827940325042,1.9375655934026599
-27.822966115522792,27.47911990722866
166.36873454574507,-7.162748124548558
31.343984139113843,120.08271076317939
-8.331040839123428,92.48700781830257
-153.50204316200262,102.38055698171549
77.19314434838124,79.95568436409962
2.3807146895165787,45.995086142088624
-14.12820386176947,-69.72915855661435
51.85291753256511,-96.69346667430345
183.5536359013477,105.3421829694791
79.75106238436109,29.8190178453277
128.44057848107448,-121.88771537651374
-144.95774431610928,-53.388267965944884
197.76053639990644,100.74948627408277
-45.86564023293909,-115.66344629312306
-126.45489262152763,22.494712295072432
-176.5288237371602,-111.26300386846779
118.83454929890826,65.98121670624333
-129.75382017129255,-88.87982054324105
170.05904321699597,-15.088225659935926
19.677498843004994,-52.99593090342027
-90.60261758515871,-39.84994836527453
-98.07604252444638,92.26546508939445
-125.74976809994558,24.47530121967802
35.43533423773701,-119.012426600833
-138.2080100792374,76.98402903723897
73.7905033909842,-98.95163335619776
67.58803985426077,58.61231545762405
-27.58992095477659,45.931343600822494
-39.78389554658653,-75.32208578575806
97.13159826889732,4.487926868164147
55.08768915137632,46.802534668966004
-179.35556924692716,34.56657261835685
147.66676283414213,1.507971445343663
-121.67746572491582,-61.53666175240755
90.88289729361898,47.1099267835568
62.85465467640547,-24.37469879503096
0.9271132439621076,-9.371876772900551
-122.95436078998215,66.32888922188806
-182.8065297349364,-23.146917995741582
145.08281437708928,102.13130375743731
203.2167494713768,69.28860980878173
-201.81297881305878,75.63746634553986
9.999943309207307,-33.0853153698455
-134.79894921125444,10.039214293464523
138.84199027157845,-12.008087970879739
-138.56433138662553,120.31197192527415
22.341417341672994,78.84320012725529
-82.09729465676263,81.49684561939604
74.70696641968978,95.99624576844523
-134.8395083071886,34.80562200217397
-167.49202273467913,52.464188449288294
-1.5881032458536273,76.69833876925209
-3.2518934473028738,76.87898959298575
-85.9884349047629,30.33917150245201
26.49528400302783,-48.33752668856663
171.12005644068523,100.3562940821383
116.7644576819023,-65.03387424270785
187.15257447279848,-82.80107912889842
-151.6424641569335,-73.72810826643656
-20.551839872564226,48.604476708231736
-39.047480694345126,-46.99835630115079
73.95762549129233,-104.8860245162371
-172.60248845845234,88.83107167077269
-132.63408596041984,-40.10119653928204
78.88038362355485,118.28826066443321
60.53866870743369,96.469159851527
-83.44736938299205,-25.262331725842525
178.34715332254368,73.62996277248679
-22.264538343742654,-46.11863231074723
74.95834991551817,-53.69011730246542
101.71325366371693,63.97835688220742
111.26181950229173,-66.93671253300204
187.24457083612634,-31.328944582706583
132.88361806240204,22.56793627372784
172.24957597641466,40.64743270049246
-182.40507798726244,83.72681928871602
-197.12082852589526,-71.19943825364778
183.2813616322256,7.1958452381890075
71.35512977076591,118.3292632548359
-42.315728217885884,25.321931222736996
170.53692200333555,-22.539842629545255
-65.49262447478996,29.761607404545536
-25.731593992910906,-64.21223463001098
116.19550250196619,11.308971738413556
-21.999439364634643,86.35583313058238
-183.97051470292163,-30.73044168185818
46.01771169074196,26.749430644074483
27.09092588674562,55.44434435073831
79.2081202593308,45.750578896226415
58.949620432736744,110.10502347054691
83.7127026218251,-29.94722720952805
73.85602408777,88.29721110962102
40.90874814344732,25.39447891235212
-85.0319691066979,-4.459206893825012
4.228812033303336,-23.549711600778945
16.981833982899115,4.056690346362848
167.43211049483787,-117.5319961628685
-133.6281257910391,-82.23353113894407
-50.00812003132948,-38.87846762284193
180.65815685149929,5.413527184590296
-70.608038062025,66.5323574889231
-47.45242977203066,-34.40152008052762
196.12914206070116,-24.22085241702066
-57.14809520751923,-26.04732300391754
-110.42091623226678,-6.987020838353064
169.50698132509132,-117.15111394291259
-79.14705063550115,-13.569914792500665
84.9503665906107,90.42226566776326
-201.4514344491985,68.72297656154257
199.85813397185512,116.30254985884547
36.41637822820768,64.55487900367426
155.31916865880322,-51.713929099829286
-125.56440118934756,8.326179114362414
-58.00126028088059,84.55481874290409
-180.39754110448752,116.47312253048207
26.815986936360343,58.12149053138447
157.98003147048982,45.37208409712675
-55.76028725254639,-19.50279249455779
115.72196166164133,-122.64646793500494
85.091465291709,-123.22405281012182
-67.42448649557129,0.9146437201060674
-200.8056098503533,96.20197015848281
-3.3997889801858983,104.00748022959637
-116.03110220514156,54.65007862485915
0.18012295913198925,25.98358495647015
105.21940342891398,-87.4839360222005
-5.330208595313987,30.767854774261806
-116.82223710334699,75.89507472423387
-131.55861749277233,-101.71319951518406
-70.8344628511433,123.25344445946263
141.3008947774014,45.978399210428954
-145.16172089518204,-50.909446182138836
-27.705973612938195,102.20447257706383
193.19145690150097,-34.51825597582143
-38.49787087371441,-59.353718232204066
34.699285528815544,71.18768903476575
28.74171231094797,-67.87935483678659
123.47402449490077,70.74570855671713
-42.35857202643111,-21.001739221797287
-120.14816251636775,-111.93399740944191
-92.62531759040714,91.87712011584311
-37.793717572324816,-120.66110020409194
-77.25032645969962,48.18430614813764
119.23064381352572,-6.777971466241021
-33.90475025549507,99.44127013022208
-172.48619292584192,106.08055311177121
-17.716237343178374,38.061252090430614
100.93597522453209,-61.470676637652545
188.53465870209433,-25.384335163169695
122.35884088532013,72.34879172491893
-86.63165339715027,-21.714565428883585
-65.25547153492703,-83.38885219210974
-40.33949026844342,-118.49534777789871
-189.38687885847253,76.69309912685615
-97.83694247960129,107.34083734584608
34.072689384654126,-34.892503649133204
-57.21309206481083,107.29731889483165
-101.81471119136354,29.772182981614694
122.36584412476387,-87.60100829891816
89.75610174671367,73.13003521583192
193.35645369528197,37.75474654200009
-17.49380611762584,29.078662884331923
-160.0548768104373,-23.0815871218083
113.34692337806254,115.97846957673406
180.14966282731436,-90.34256245366676
-42.49078213916018,-48.93917770934623
-33.975657799140976,79.86417731113897
-45.75637842199391,20.23236755234999
13.916518742495953,-75.120351949614
160.77329156516382,-26.894538413593374
59.75440248049787,24.033212395747586
166.07484003739287,-99.97607394000188
24.901198126975654,94.20157596499239
-7.73933147232613,-6.954487320820832
-88.11387826806391,118.72260364960873
147.56861762765448,36.326893372371444
184.42189188433687,-35.07536137890219
-143.44492136405668,-51.88139249488728
31.032289145260556,20.400149419747304
86.34254934365833,40.47215606829788
-97.8205433407062,-13.63611255585207
103.58263796879443,-114.51784565362243
-0.6545704442692667,-55.461705642924066
-57.71674355981009,-22.34663687305035
50.01928046150982,68.03594459944314
-103.007947239445,-13.74251344823588
10.641218668999874,-85.5035675863204
161.63121742730115,-47.60017627397938
-95.4230432211311,-51.16734031235276
78.7185452098951,76.02311164029464
59.22275982065001,22.3928097666451
28.944905887308067,121.42876790725497
7.079535422814751,33.676665466430705
66.77598735071281,20.582870895031004
139.04005358060604,123.57187530982144
137.91320630549015,16.146569337691954
-2.60726845276881,-17.081935920636248
-3.010937177943298,-68.12360142047605
178.62255478564487,73.25407501796708
37.48461356047817,72.72364922030744
-67.92374348570857,101.76292454286214
55.44929709793396,-77.30749821516791
49.098072950388634,16.418860943594456
-88.86276010619342,-33.30988698941589
-27.634586352123925,-48.07932513267322
182.6698211767202,54.72484049773759
199.24593273644706,26.148721210825713
9.92993866657766,-83.65699656565904
-72.81449967884147,-16.072146088214808
64.74055925956061,-76.94064705061358
85.72376532172129,120.42702891677274
4.3333105352448476,112.29505656425998
183.19123138454015,49.6919319981985
-194.27621359016075,28.330342869016103
47.91128016466842,-21.742417417533552
67.67425973743026,52.560794470626604
-10.186054451695247,-107.92588209611976
90.61230095346318,-97.6587285507948
72.27757634780382,101.25306062116353
-158.50093971623448,-70.85910942985637
-113.51095003750822,-70.72752946228584
75.4834569509377,89.01961897468439
199.9873519012711,108.24410616106633
81.5879535029398,-119.36689031998726
-10.368597041301799,-112.32848077302292
-103.7387923498312,-47.80539909354274
-107.13936878886676,-7.930131452633518
-181.72924302053607,-99.49853194184712
50.802681081289755,-54.086570095326856
-45.264745168210105,-78.21384400526146
-58.903754121753295,-33.40076987106261
120.44018850692423,26.722866532563
-143.0089094620329,35.67692782315259
127.55455733176308,-40.40721207413555
-99.33159307079487,9.885682456896308
29.667009019812905,105.43717580885784
-154.1475084219439,-86.36471547748943
-186.2456336967947,-38.36942491616658
-108.01622793432813,-38.786352929580964
-86.84270368352668,4.965864814577737
-146.86403607634054,-78.608581528074
-145.67079856110718,122.97283807819885
52.213306886369274,59.59512740961012
179.72216202988952,45.08091915195547
174.9414860752298,-113.25888260456915
152.81131893302887,-79.4872459848606
-153.39788767277747,60.63561384652366
12.379631488504346,59.450782617335754
94.23690550318058,-34.4880837040211
83.16533951063141,-58.77568212974817
-123.71094049975368,-95.3279351556223
4.452682700740618,66.80469961456606
100.50130441656013,30.492268521693937
-63.38577858842863,119.40815694694663
-167.5939731152231,-87.7345460182766
190.33370240209868,-33.222378754902074
-42.95512868704241,47.01996667428248
-138.75206515891796,44.079999867037536
77.17175135988587,-110.01023194190722
-28.448044284637838,-102.22614116797547
181.06744584243643,-33.86883823787142
-29.75107393176789,8.063289122536174
-58.399695803881364,-13.799973964553597
164.89578653706,61.70916800441414
-60.52894133795614,-24.377766310011825
190.28608497211624,-42.35261930915162
-4.02861252704395,25.303832923907454
137.73804379977148,38.53593591293032
-130.81140083827356,64.89493380778346
-170.73884874091388,43.02198324627273
-68.85228358189904,-96.87380946519067
-89.11060973382618,-51.819196766809974
-83.40242313225366,-119.01139359095082
-10.457344993824456,110.96405186021357
-122.5597381851401,81.38031988006873
-184.92053814703564,76.14111951026635
-0.6628908944990665,-96.91640131746605
-166.54204797105652,-63.822960278029115
82.04583094556357,8.40466709845766
-193.10156426686933,49.59898958066757
166.1423511275713,10.185875866418515
-133.26122292315796,2.3308591245216053
-1.763668155293908,-90.15880308051916
-92.12341947880958,-109.48301744175329
37.27522962554926,37.12448948181199
131.62988436916822,-56.752979137580915
-118.03161929594893,32.7516296026867
-194.13927827135234,-87.22209956548171
-154.3322306428349,-13.079416240593615
75.04143406328323,107.30986516601656
196.0751494040004,22.320804892236108
-143.78976734505264,1.729646211869276
-12.85966573506037,79.03398915511023
-114.11779907680683,-37.35428904113294
-68.08926423171953,48.41625648001333
111.44115562211373,17.831047738267603
42.353712829603,-116.49949446780482
36.7740448564741,6.075011428430251
-30.14204331028964,13.481099777942983
-51.31395965014445,111.71956618412148
-100.32392703760233,91.46474762503209
50.94211163210616,100.79482381395813
-42.57563309061844,64.98221451347688
96.90134651927755,50.97612415039527
26.38001301972039,-122.99399916045105
40.22763623035102,78.11165258525195
-181.31873452885256,28.169783396890427
-147.94083490184025,-13.867021949172775
-81.39026236177492,-105.71220756551271
91.22462069412602,-14.281630972321606
-159.79191783720316,-105.11993636698732
19.426101570735455,-6.248350545583034
-88.22614336331442,-19.528815318314205
-172.31981497491282,57.72410930122936
143.88274494269885,119.96124270923426
-35.55460729095754,-38.02156400289382
171.89343512997695,-114.19857708707501
91.08623024398857,4.779793370375819
128.19869189273956,-75.85675660873557
-65.19942923127547,30.148227581186614
-169.31267430405566,-9.738208881779542
-148.1956890877446,113.86677286673773
-0.22902708071771616,14.272688367174345
-73.8364512337231,77.82826417105218
88.7140639535478,-107.82880405688206
62.21034078590763,-83.12029278454327
118.84597894604998,-47.31654898224277
-75.89452951437039,84.10222635388023
140.64487654387912,-41.18855100066534
158.86744054524172,91.95966307274936
-87.56216837887183,-16.049286381424377
104.64357952420715,27.785091294123355
-150.29803828969864,-108.59680488646102
82.69375821155768,-70.41639358671763
39.82033123113879,-47.8666912886478
89.10677224167542,80.33445479763888
144.22323239099185,60.48978034040202
-68.60283505212628,54.716423939086205
-45.385628799331975,79.74933878253094
-157.00522199251455,23.70992537966076
-160.23491260143967,116.46646884086203
170.61492557320258,93.29185873797181
-28.63876996434577,13.860248588184538
-17.7238023576221,-88.7604096806171
-174.873994179047,-38.292063575214804
-54.55006620918,-93.56698859390583
86.40825361944405,89.85075330782642
-113.42744720794262,-96.42812854283228
-75.51433317475986,50.77939166581162
-192.14954223111556,28.405260605064054
17.794254866709952,19.70213293946531
17.257950278233597,-35.152832413960354
70.33274225200806,107.17692680538575
112.52875847396434,-69.28391311393997
111.20807622389684,-63.069413734734866
74.07242971347708,47.859823284798985
-63.59618625392409,-55.19208871974665
-152.70404077351293,95.19086028786816
163.9214334788169,28.603682136673566
41.368967205777814,-42.02463831069774
-6.457162321317666,80.38474478628096
-125.57040413507303,-14.825582120056888
54.795674391806195,106.51726173073823
-153.94327398781192,121.7391503207873
-187.25368159810526,100.2471660651507
150.942516919091,-52.744224078604056
54.851525958863235,85.17606923294329
-49.45573038820413,-49.970675385872056
168.47718979887043,79.59341948151258
66.58113508392655,-76.65906852568521
106.3375406151654,31.948283472801226
-188.33199806661196,52.38845477282217
145.67661607083116,108.78082350263634
-112.04484734615014,-114.71222589378745
147.58326139332013,-103.5154159076016
189.08645012226256,-12.39842475444649
55.53384305714957,91.30680483078575
-164.0038076785234,-21.442755160727728
-40.85355829143529,-114.46385811250806
92.31958629731555,29.001152612099748
142.09851738910976,-97.18449109988272
-142.52278075288203,-33.96600092485913
-187.73100812878025,85.70154673514507
114.72599057157298,-116.5936819435291
-179.3276309384542,-97.62611220295258
-95.65524143780857,-79.50619298913315
78.49730415889157,-47.36328507372301
-198.87643363389813,1.7240073321728562
142.50406343380365,1.2732149923879559
-95.57427303523382,25.09690999138349
22.36471906270805,-55.608223725650845
194.52897284654347,-48.01303052077392
-37.69050665546545,-42.165269138347014
155.676406339825,42.569509403113955
82.388084357084,93.99321315063408
176.4850358222873,-44.43803755075309
-51.5003391394964,-101.8265936594227
21.873902065568227,-91.917230175401
127.92610355841205,51.30632649056721
126.82842580151491,27.28984782398868
139.60416566167024,-116.65719745663976
-19.224882536192617,116.16036199277298
-16.100435330535962,14.15232474313687
147.19670091683344,-57.65789892892074
81.00207060291648,48.00513968899155
44.95321238788806,10.918669025773067
11.640840019543926,100.94631672805461
-64.15598373259985,-33.396329365738
202.1858031827305,58.63247795023661
31.37357337816092,-10.060575952433902
-122.77522725608948,-21.027405278165244
-85.60035349358327,-67.54497577689651
-8.713161787786852,88.23974964878008
-130.588555421294,49.72321892551574
32.62324737475393,10.584008314907564
-174.14970680834512,20.26208137282218
-48.87497827393039,-7.134402526771634
-25.88660699228987,79.73435103675172
-32.07817773619514,-85.38337345125117
-18.639453133446505,71.82455860406841
102.23387004142583,-78.19055480403075
-131.8805558016501,35.72613335719416
