,epsilon,shokri_mi_adv,precision,attack_adv,tpr,fpr,run,dimension
0,0.5,-0.15384615384615383,0.3,-0.15384615384615383,[0.         0.11538462 1.        ],[0.         0.26923077 1.        ],0,2
1,0.5,0.0,0.5,0.0,[0.         0.11538462 1.        ],[0.         0.11538462 1.        ],1,2
2,0.5,-0.038461538461538436,0.47058823529411764,-0.038461538461538436,[0.         0.30769231 1.        ],[0.         0.34615385 1.        ],2,2
3,0.5,0.038461538461538436,0.5384615384615384,0.038461538461538436,[0.         0.26923077 1.        ],[0.         0.23076923 1.        ],3,2
4,0.5,-0.11538461538461539,0.3333333333333333,-0.11538461538461539,[0.         0.11538462 1.        ],[0.         0.23076923 1.        ],4,2
5,0.5,0.23076923076923078,0.6153846153846154,0.23076923076923078,[0.         0.61538462 1.        ],[0.         0.38461538 1.        ],5,2
6,0.5,0.11538461538461539,0.6153846153846154,0.11538461538461539,[0.         0.30769231 1.        ],[0.         0.19230769 1.        ],6,2
7,0.5,0.038461538461538436,0.5294117647058824,0.038461538461538436,[0.         0.34615385 1.        ],[0.         0.30769231 1.        ],7,2
8,0.5,0.03846153846153849,0.5263157894736842,0.03846153846153849,[0.         0.38461538 1.        ],[0.         0.34615385 1.        ],8,2
9,0.5,0.23076923076923073,0.625,0.23076923076923073,[0.         0.57692308 1.        ],[0.         0.34615385 1.        ],9,2
10,1.0,0.07692307692307693,0.5454545454545454,0.07692307692307693,[0.         0.46153846 1.        ],[0.         0.38461538 1.        ],0,2
11,1.0,0.23076923076923078,0.6153846153846154,0.23076923076923078,[0.         0.61538462 1.        ],[0.         0.38461538 1.        ],1,2
12,1.0,0.15384615384615385,0.625,0.15384615384615385,[0.         0.38461538 1.        ],[0.         0.23076923 1.        ],2,2
13,1.0,0.07692307692307687,0.5357142857142857,0.07692307692307687,[0.         0.57692308 1.        ],[0.  0.5 1. ],3,2
14,1.0,0.15384615384615385,0.5666666666666667,0.15384615384615385,[0.         0.65384615 1.        ],[0.  0.5 1. ],4,2
15,1.0,0.03846153846153855,0.5161290322580645,0.03846153846153855,[0.         0.61538462 1.        ],[0.         0.57692308 1.        ],5,2
16,1.0,-0.07692307692307693,0.4583333333333333,-0.07692307692307693,[0.         0.42307692 1.        ],[0.  0.5 1. ],6,2
17,1.0,0.03846153846153849,0.5217391304347826,0.03846153846153849,[0.         0.46153846 1.        ],[0.         0.42307692 1.        ],7,2
18,1.0,0.07692307692307687,0.5384615384615384,0.07692307692307687,[0.         0.53846154 1.        ],[0.         0.46153846 1.        ],8,2
19,1.0,0.07692307692307693,0.5555555555555556,0.07692307692307693,[0.         0.38461538 1.        ],[0.         0.30769231 1.        ],9,2
20,1.5,-0.11538461538461542,0.4482758620689655,-0.11538461538461542,[0.  0.5 1. ],[0.         0.61538462 1.        ],0,2
21,1.5,-0.07692307692307693,0.4375,-0.07692307692307693,[0.         0.26923077 1.        ],[0.         0.34615385 1.        ],1,2
22,1.5,0.11538461538461536,0.56,0.11538461538461536,[0.         0.53846154 1.        ],[0.         0.42307692 1.        ],2,2
23,1.5,0.0,0.5,0.0,[0.         0.07692308 1.        ],[0.         0.07692308 1.        ],3,2
24,1.5,0.0,0.5,0.0,[0.         0.57692308 1.        ],[0.         0.57692308 1.        ],4,2
25,1.5,0.0,0.5,0.0,[0.         0.57692308 1.        ],[0.         0.57692308 1.        ],5,2
26,1.5,0.11538461538461542,0.5714285714285714,0.11538461538461542,[0.         0.46153846 1.        ],[0.         0.34615385 1.        ],6,2
27,1.5,-0.038461538461538436,0.4857142857142857,-0.038461538461538436,[0.         0.65384615 1.        ],[0.         0.69230769 1.        ],7,2
28,1.5,-0.15384615384615385,0.4090909090909091,-0.15384615384615385,[0.         0.34615385 1.        ],[0.  0.5 1. ],8,2
29,1.5,0.23076923076923078,0.6153846153846154,0.23076923076923078,[0.         0.61538462 1.        ],[0.         0.38461538 1.        ],9,2
30,2.0,0.1538461538461538,0.5769230769230769,0.1538461538461538,[0.         0.57692308 1.        ],[0.         0.42307692 1.        ],0,2
31,2.0,-0.15384615384615385,0.43333333333333335,-0.15384615384615385,[0.  0.5 1. ],[0.         0.65384615 1.        ],1,2
32,2.0,0.038461538461538436,0.52,0.038461538461538436,[0.  0.5 1. ],[0.         0.46153846 1.        ],2,2
33,2.0,-0.07692307692307693,0.42857142857142855,-0.07692307692307693,[0.         0.23076923 1.        ],[0.         0.30769231 1.        ],3,2
34,2.0,0.038461538461538436,0.5172413793103449,0.038461538461538436,[0.         0.57692308 1.        ],[0.         0.53846154 1.        ],4,2
35,2.0,-0.038461538461538436,0.48148148148148145,-0.038461538461538436,[0.  0.5 1. ],[0.         0.53846154 1.        ],5,2
36,2.0,0.0,0.5,0.0,[0.         0.57692308 1.        ],[0.         0.57692308 1.        ],6,2
37,2.0,-0.1923076923076923,0.41935483870967744,-0.1923076923076923,[0.  0.5 1. ],[0.         0.69230769 1.        ],7,2
38,2.0,0.11538461538461531,0.5555555555555556,0.11538461538461531,[0.         0.57692308 1.        ],[0.         0.46153846 1.        ],8,2
39,2.0,0.11538461538461536,0.56,0.11538461538461536,[0.         0.53846154 1.        ],[0.         0.42307692 1.        ],9,2
40,2.5,0.03846153846153849,0.5263157894736842,0.03846153846153849,[0.         0.38461538 1.        ],[0.         0.34615385 1.        ],0,2
41,2.5,0.11538461538461542,0.5483870967741935,0.11538461538461542,[0.         0.65384615 1.        ],[0.         0.53846154 1.        ],1,2
42,2.5,-0.07692307692307687,0.4722222222222222,-0.07692307692307687,[0.         0.65384615 1.        ],[0.         0.73076923 1.        ],2,2
43,2.5,0.038461538461538436,0.5172413793103449,0.038461538461538436,[0.         0.57692308 1.        ],[0.         0.53846154 1.        ],3,2
44,2.5,-0.23076923076923078,0.35,-0.23076923076923078,[0.         0.26923077 1.        ],[0.  0.5 1. ],4,2
45,2.5,0.11538461538461542,0.5517241379310345,0.11538461538461542,[0.         0.61538462 1.        ],[0.  0.5 1. ],5,2
46,2.5,-0.34615384615384615,0.32,-0.34615384615384615,[0.         0.30769231 1.        ],[0.         0.65384615 1.        ],6,2
47,2.5,0.0,0.5,0.0,[0.         0.53846154 1.        ],[0.         0.53846154 1.        ],7,2
48,2.5,-0.11538461538461542,0.45454545454545453,-0.11538461538461542,[0.         0.57692308 1.        ],[0.         0.69230769 1.        ],8,2
49,2.5,0.30769230769230765,0.6333333333333333,0.30769230769230765,[0.         0.73076923 1.        ],[0.         0.42307692 1.        ],9,2
50,3.0,0.038461538461538436,0.5185185185185185,0.038461538461538436,[0.         0.53846154 1.        ],[0.  0.5 1. ],0,2
51,3.0,0.0,0.5,0.0,[0.  0.5 1. ],[0.  0.5 1. ],1,2
52,3.0,-0.07692307692307698,0.4666666666666667,-0.07692307692307698,[0.         0.53846154 1.        ],[0.         0.61538462 1.        ],2,2
53,3.0,-0.07692307692307687,0.46153846153846156,-0.07692307692307687,[0.         0.46153846 1.        ],[0.         0.53846154 1.        ],3,2
54,3.0,0.038461538461538436,0.5238095238095238,0.038461538461538436,[0.         0.42307692 1.        ],[0.         0.38461538 1.        ],4,2
55,3.0,0.15384615384615385,0.6111111111111112,0.15384615384615385,[0.         0.42307692 1.        ],[0.         0.26923077 1.        ],5,2
56,3.0,-0.11538461538461531,0.45714285714285713,-0.11538461538461531,[0.         0.61538462 1.        ],[0.         0.73076923 1.        ],6,2
57,3.0,0.15384615384615385,0.5625,0.15384615384615385,[0.         0.69230769 1.        ],[0.         0.53846154 1.        ],7,2
58,3.0,-0.15384615384615385,0.4090909090909091,-0.15384615384615385,[0.         0.34615385 1.        ],[0.  0.5 1. ],8,2
59,3.0,-0.038461538461538436,0.48,-0.038461538461538436,[0.         0.46153846 1.        ],[0.  0.5 1. ],9,2
60,3.5,0.0,0.5,0.0,[0.         0.42307692 1.        ],[0.         0.42307692 1.        ],0,2
61,3.5,0.0,0.5,0.0,[0.         0.84615385 1.        ],[0.         0.84615385 1.        ],1,2
62,3.5,0.07692307692307698,0.5333333333333333,0.07692307692307698,[0.         0.61538462 1.        ],[0.         0.53846154 1.        ],2,2
63,3.5,0.1923076923076924,0.5581395348837209,0.1923076923076924,[0.         0.92307692 1.        ],[0.         0.73076923 1.        ],3,2
64,3.5,-0.07692307692307693,0.42857142857142855,-0.07692307692307693,[0.         0.23076923 1.        ],[0.         0.30769231 1.        ],4,2
65,3.5,0.15384615384615385,0.625,0.15384615384615385,[0.         0.38461538 1.        ],[0.         0.23076923 1.        ],5,2
66,3.5,0.19230769230769224,0.6,0.19230769230769224,[0.         0.57692308 1.        ],[0.         0.38461538 1.        ],6,2
67,3.5,-0.11538461538461542,0.4594594594594595,-0.11538461538461542,[0.         0.65384615 1.        ],[0.         0.76923077 1.        ],7,2
68,3.5,-0.03846153846153855,0.48717948717948717,-0.03846153846153855,[0.         0.73076923 1.        ],[0.         0.76923077 1.        ],8,2
69,3.5,0.07692307692307698,0.5333333333333333,0.07692307692307698,[0.         0.61538462 1.        ],[0.         0.53846154 1.        ],9,2
70,5.0,0.11538461538461542,0.5384615384615384,0.11538461538461542,[0.         0.80769231 1.        ],[0.         0.69230769 1.        ],0,2
71,5.0,-0.038461538461538436,0.4827586206896552,-0.038461538461538436,[0.         0.53846154 1.        ],[0.         0.57692308 1.        ],1,2
72,5.0,0.0,0.5,0.0,[0.         0.69230769 1.        ],[0.         0.69230769 1.        ],2,2
73,5.0,0.03846153846153849,0.5263157894736842,0.03846153846153849,[0.         0.38461538 1.        ],[0.         0.34615385 1.        ],3,2
74,5.0,0.11538461538461531,0.5428571428571428,0.11538461538461531,[0.         0.73076923 1.        ],[0.         0.61538462 1.        ],4,2
75,5.0,0.11538461538461536,0.5652173913043478,0.11538461538461536,[0.  0.5 1. ],[0.         0.38461538 1.        ],5,2
76,5.0,-0.038461538461538436,0.46153846153846156,-0.038461538461538436,[0.         0.23076923 1.        ],[0.         0.26923077 1.        ],6,2
77,5.0,0.23076923076923084,0.5833333333333334,0.23076923076923084,[0.         0.80769231 1.        ],[0.         0.57692308 1.        ],7,2
78,5.0,0.1923076923076923,0.5675675675675675,0.1923076923076923,[0.         0.80769231 1.        ],[0.         0.61538462 1.        ],8,2
79,5.0,0.23076923076923073,0.6,0.23076923076923073,[0.         0.69230769 1.        ],[0.         0.46153846 1.        ],9,2
80,7.0,-0.038461538461538436,0.48148148148148145,-0.038461538461538436,[0.  0.5 1. ],[0.         0.53846154 1.        ],0,2
81,7.0,0.07692307692307698,0.53125,0.07692307692307698,[0.         0.65384615 1.        ],[0.         0.57692308 1.        ],1,2
82,7.0,-0.11538461538461542,0.4482758620689655,-0.11538461538461542,[0.  0.5 1. ],[0.         0.61538462 1.        ],2,2
83,7.0,0.0,0.5,0.0,[0.         0.76923077 1.        ],[0.         0.76923077 1.        ],3,2
84,7.0,0.1538461538461538,0.5833333333333334,0.1538461538461538,[0.         0.53846154 1.        ],[0.         0.38461538 1.        ],4,2
85,7.0,0.07692307692307687,0.5227272727272727,0.07692307692307687,[0.         0.88461538 1.        ],[0.         0.80769231 1.        ],5,2
86,7.0,0.11538461538461536,0.5652173913043478,0.11538461538461536,[0.  0.5 1. ],[0.         0.38461538 1.        ],6,2
87,7.0,0.038461538461538436,0.5121951219512195,0.038461538461538436,[0.         0.80769231 1.        ],[0.         0.76923077 1.        ],7,2
88,7.0,0.0,0.5,0.0,[0.         0.80769231 1.        ],[0.         0.80769231 1.        ],8,2
89,7.0,-0.038461538461538436,0.4827586206896552,-0.038461538461538436,[0.         0.53846154 1.        ],[0.         0.57692308 1.        ],9,2
90,9.0,0.15384615384615385,0.6,0.15384615384615385,[0.         0.46153846 1.        ],[0.         0.30769231 1.        ],0,2
91,9.0,0.038461538461538436,0.5172413793103449,0.038461538461538436,[0.         0.57692308 1.        ],[0.         0.53846154 1.        ],1,2
92,9.0,-0.038461538461538436,0.48,-0.038461538461538436,[0.         0.46153846 1.        ],[0.  0.5 1. ],2,2
93,9.0,0.15384615384615385,0.5526315789473685,0.15384615384615385,[0.         0.80769231 1.        ],[0.         0.65384615 1.        ],3,2
94,9.0,0.11538461538461531,0.5555555555555556,0.11538461538461531,[0.         0.57692308 1.        ],[0.         0.46153846 1.        ],4,2
95,9.0,0.1923076923076923,0.5806451612903226,0.1923076923076923,[0.         0.69230769 1.        ],[0.  0.5 1. ],5,2
96,9.0,0.1923076923076923,0.5806451612903226,0.1923076923076923,[0.         0.69230769 1.        ],[0.  0.5 1. ],6,2
97,9.0,0.0,0.5,0.0,[0.         0.76923077 1.        ],[0.         0.76923077 1.        ],7,2
98,9.0,0.038461538461538436,0.5121951219512195,0.038461538461538436,[0.         0.80769231 1.        ],[0.         0.76923077 1.        ],8,2
99,9.0,0.07692307692307687,0.5384615384615384,0.07692307692307687,[0.         0.53846154 1.        ],[0.         0.46153846 1.        ],9,2
100,0.5,-0.038461538461538464,0.45454545454545453,-0.038461538461538464,[0.         0.19230769 1.        ],[0.         0.23076923 1.        ],0,3
101,0.5,0.038461538461538464,0.5714285714285714,0.038461538461538464,[0.         0.15384615 1.        ],[0.         0.11538462 1.        ],1,3
102,0.5,-0.11538461538461536,0.4,-0.11538461538461536,[0.         0.23076923 1.        ],[0.         0.34615385 1.        ],2,3
103,0.5,0.038461538461538464,0.6,0.038461538461538464,[0.         0.11538462 1.        ],[0.         0.07692308 1.        ],3,3
104,0.5,0.3076923076923077,0.7857142857142857,0.3076923076923077,[0.         0.42307692 1.        ],[0.         0.11538462 1.        ],4,3
105,0.5,-0.19230769230769224,0.4,-0.19230769230769224,[0.         0.38461538 1.        ],[0.         0.57692308 1.        ],5,3
106,0.5,0.11538461538461536,0.6363636363636364,0.11538461538461536,[0.         0.26923077 1.        ],[0.         0.15384615 1.        ],6,3
107,0.5,-0.15384615384615385,0.375,-0.15384615384615385,[0.         0.23076923 1.        ],[0.         0.38461538 1.        ],7,3
108,0.5,0.0769230769230769,0.5833333333333334,0.0769230769230769,[0.         0.26923077 1.        ],[0.         0.19230769 1.        ],8,3
109,0.5,-0.07692307692307693,0.4375,-0.07692307692307693,[0.         0.26923077 1.        ],[0.         0.34615385 1.        ],9,3
110,1.0,-0.11538461538461536,0.42105263157894735,-0.11538461538461536,[0.         0.30769231 1.        ],[0.         0.42307692 1.        ],0,3
111,1.0,-0.03846153846153849,0.4782608695652174,-0.03846153846153849,[0.         0.42307692 1.        ],[0.         0.46153846 1.        ],1,3
112,1.0,-0.2692307692307692,0.3157894736842105,-0.2692307692307692,[0.         0.23076923 1.        ],[0.  0.5 1. ],2,3
113,1.0,0.038461538461538436,0.5384615384615384,0.038461538461538436,[0.         0.26923077 1.        ],[0.         0.23076923 1.        ],3,3
114,1.0,0.0769230769230769,0.5833333333333334,0.0769230769230769,[0.         0.26923077 1.        ],[0.         0.19230769 1.        ],4,3
115,1.0,0.19230769230769232,0.7272727272727273,0.19230769230769232,[0.         0.30769231 1.        ],[0.         0.11538462 1.        ],5,3
116,1.0,0.11538461538461542,0.5714285714285714,0.11538461538461542,[0.         0.46153846 1.        ],[0.         0.34615385 1.        ],6,3
117,1.0,0.23076923076923078,0.6071428571428571,0.23076923076923078,[0.         0.65384615 1.        ],[0.         0.42307692 1.        ],7,3
118,1.0,0.2692307692307692,0.6296296296296297,0.2692307692307692,[0.         0.65384615 1.        ],[0.         0.38461538 1.        ],8,3
119,1.0,-0.07692307692307693,0.4444444444444444,-0.07692307692307693,[0.         0.30769231 1.        ],[0.         0.38461538 1.        ],9,3
120,1.5,0.15384615384615385,0.625,0.15384615384615385,[0.         0.38461538 1.        ],[0.         0.23076923 1.        ],0,3
121,1.5,-0.15384615384615385,0.3888888888888889,-0.15384615384615385,[0.         0.26923077 1.        ],[0.         0.42307692 1.        ],1,3
122,1.5,-0.07692307692307698,0.46875,-0.07692307692307698,[0.         0.57692308 1.        ],[0.         0.65384615 1.        ],2,3
123,1.5,0.038461538461538436,0.52,0.038461538461538436,[0.  0.5 1. ],[0.         0.46153846 1.        ],3,3
124,1.5,0.0,0.5,0.0,[0.         0.46153846 1.        ],[0.         0.46153846 1.        ],4,3
125,1.5,0.038461538461538436,0.52,0.038461538461538436,[0.  0.5 1. ],[0.         0.46153846 1.        ],5,3
126,1.5,-0.1923076923076923,0.41379310344827586,-0.1923076923076923,[0.         0.46153846 1.        ],[0.         0.65384615 1.        ],6,3
127,1.5,0.0,0.5,0.0,[0.         0.26923077 1.        ],[0.         0.26923077 1.        ],7,3
128,1.5,0.38461538461538464,0.7272727272727273,0.38461538461538464,[0.         0.61538462 1.        ],[0.         0.23076923 1.        ],8,3
129,1.5,0.0,0.5,0.0,[0.         0.42307692 1.        ],[0.         0.42307692 1.        ],9,3
130,2.0,-0.1923076923076923,0.35294117647058826,-0.1923076923076923,[0.         0.23076923 1.        ],[0.         0.42307692 1.        ],0,3
131,2.0,0.1923076923076923,0.6190476190476191,0.1923076923076923,[0.  0.5 1. ],[0.         0.30769231 1.        ],1,3
132,2.0,0.0,0.5,0.0,[0.         0.26923077 1.        ],[0.         0.26923077 1.        ],2,3
133,2.0,0.1923076923076923,0.5757575757575758,0.1923076923076923,[0.         0.73076923 1.        ],[0.         0.53846154 1.        ],3,3
134,2.0,-0.11538461538461536,0.43478260869565216,-0.11538461538461536,[0.         0.38461538 1.        ],[0.  0.5 1. ],4,3
135,2.0,-0.11538461538461542,0.45161290322580644,-0.11538461538461542,[0.         0.53846154 1.        ],[0.         0.65384615 1.        ],5,3
136,2.0,-0.15384615384615385,0.3888888888888889,-0.15384615384615385,[0.         0.26923077 1.        ],[0.         0.42307692 1.        ],6,3
137,2.0,-0.15384615384615385,0.42857142857142855,-0.15384615384615385,[0.         0.46153846 1.        ],[0.         0.61538462 1.        ],7,3
138,2.0,0.26923076923076916,0.6521739130434783,0.26923076923076916,[0.         0.57692308 1.        ],[0.         0.30769231 1.        ],8,3
139,2.0,-0.11538461538461542,0.4117647058823529,-0.11538461538461542,[0.         0.26923077 1.        ],[0.         0.38461538 1.        ],9,3
140,2.5,0.15384615384615385,0.5666666666666667,0.15384615384615385,[0.         0.65384615 1.        ],[0.  0.5 1. ],0,3
141,2.5,0.1923076923076924,0.5714285714285714,0.1923076923076924,[0.         0.76923077 1.        ],[0.         0.57692308 1.        ],1,3
142,2.5,0.07692307692307687,0.5384615384615384,0.07692307692307687,[0.         0.53846154 1.        ],[0.         0.46153846 1.        ],2,3
143,2.5,-0.23076923076923073,0.375,-0.23076923076923073,[0.         0.34615385 1.        ],[0.         0.57692308 1.        ],3,3
144,2.5,0.11538461538461536,0.6,0.11538461538461536,[0.         0.34615385 1.        ],[0.         0.23076923 1.        ],4,3
145,2.5,0.11538461538461536,0.5652173913043478,0.11538461538461536,[0.  0.5 1. ],[0.         0.38461538 1.        ],5,3
146,2.5,-0.038461538461538436,0.47058823529411764,-0.038461538461538436,[0.         0.30769231 1.        ],[0.         0.34615385 1.        ],6,3
147,2.5,0.038461538461538436,0.5294117647058824,0.038461538461538436,[0.         0.34615385 1.        ],[0.         0.30769231 1.        ],7,3
148,2.5,-0.07692307692307693,0.4583333333333333,-0.07692307692307693,[0.         0.42307692 1.        ],[0.  0.5 1. ],8,3
149,2.5,0.038461538461538436,0.5294117647058824,0.038461538461538436,[0.         0.34615385 1.        ],[0.         0.30769231 1.        ],9,3
150,3.0,-0.07692307692307693,0.45454545454545453,-0.07692307692307693,[0.         0.38461538 1.        ],[0.         0.46153846 1.        ],0,3
151,3.0,-0.23076923076923078,0.35,-0.23076923076923078,[0.         0.26923077 1.        ],[0.  0.5 1. ],1,3
152,3.0,-0.2692307692307692,0.3157894736842105,-0.2692307692307692,[0.         0.23076923 1.        ],[0.  0.5 1. ],2,3
153,3.0,-0.1923076923076923,0.42424242424242425,-0.1923076923076923,[0.         0.53846154 1.        ],[0.         0.73076923 1.        ],3,3
154,3.0,0.15384615384615385,0.6,0.15384615384615385,[0.         0.46153846 1.        ],[0.         0.30769231 1.        ],4,3
155,3.0,-0.07692307692307687,0.4722222222222222,-0.07692307692307687,[0.         0.65384615 1.        ],[0.         0.73076923 1.        ],5,3
156,3.0,0.11538461538461542,0.5405405405405406,0.11538461538461542,[0.         0.76923077 1.        ],[0.         0.65384615 1.        ],6,3
157,3.0,0.2692307692307693,0.64,0.2692307692307693,[0.         0.61538462 1.        ],[0.         0.34615385 1.        ],7,3
158,3.0,0.11538461538461542,0.5454545454545454,0.11538461538461542,[0.         0.69230769 1.        ],[0.         0.57692308 1.        ],8,3
159,3.0,0.34615384615384615,0.9090909090909091,0.34615384615384615,[0.         0.38461538 1.        ],[0.         0.03846154 1.        ],9,3
160,3.5,0.23076923076923073,0.59375,0.23076923076923073,[0.         0.73076923 1.        ],[0.  0.5 1. ],0,3
161,3.5,0.11538461538461531,0.5555555555555556,0.11538461538461531,[0.         0.57692308 1.        ],[0.         0.46153846 1.        ],1,3
162,3.5,0.0,0.5,0.0,[0.         0.42307692 1.        ],[0.         0.42307692 1.        ],2,3
163,3.5,0.1538461538461538,0.5769230769230769,0.1538461538461538,[0.         0.57692308 1.        ],[0.         0.42307692 1.        ],3,3
164,3.5,0.0,0.5,0.0,[0.         0.53846154 1.        ],[0.         0.53846154 1.        ],4,3
165,3.5,0.0,0.5,0.0,[0.         0.38461538 1.        ],[0.         0.38461538 1.        ],5,3
166,3.5,0.03846153846153849,0.5217391304347826,0.03846153846153849,[0.         0.46153846 1.        ],[0.         0.42307692 1.        ],6,3
167,3.5,0.15384615384615385,0.625,0.15384615384615385,[0.         0.38461538 1.        ],[0.         0.23076923 1.        ],7,3
168,3.5,0.1538461538461538,0.5833333333333334,0.1538461538461538,[0.         0.53846154 1.        ],[0.         0.38461538 1.        ],8,3
169,3.5,-0.11538461538461531,0.4444444444444444,-0.11538461538461531,[0.         0.46153846 1.        ],[0.         0.57692308 1.        ],9,3
170,5.0,0.23076923076923078,0.6666666666666666,0.23076923076923078,[0.         0.46153846 1.        ],[0.         0.23076923 1.        ],0,3
171,5.0,-0.15384615384615385,0.4473684210526316,-0.15384615384615385,[0.         0.65384615 1.        ],[0.         0.80769231 1.        ],1,3
172,5.0,0.0,0.5,0.0,[0.  0.5 1. ],[0.  0.5 1. ],2,3
173,5.0,0.03846153846153849,0.5333333333333333,0.03846153846153849,[0.         0.30769231 1.        ],[0.         0.26923077 1.        ],3,3
174,5.0,0.1923076923076923,0.5641025641025641,0.1923076923076923,[0.         0.84615385 1.        ],[0.         0.65384615 1.        ],4,3
175,5.0,0.38461538461538464,0.65625,0.38461538461538464,[0.         0.80769231 1.        ],[0.         0.42307692 1.        ],5,3
176,5.0,0.23076923076923073,0.6,0.23076923076923073,[0.         0.69230769 1.        ],[0.         0.46153846 1.        ],6,3
177,5.0,0.0,0.5,0.0,[0.         0.46153846 1.        ],[0.         0.46153846 1.        ],7,3
178,5.0,0.11538461538461531,0.5428571428571428,0.11538461538461531,[0.         0.73076923 1.        ],[0.         0.61538462 1.        ],8,3
179,5.0,0.1923076923076923,0.6923076923076923,0.1923076923076923,[0.         0.34615385 1.        ],[0.         0.15384615 1.        ],9,3
180,7.0,-0.15384615384615385,0.4444444444444444,-0.15384615384615385,[0.         0.61538462 1.        ],[0.         0.76923077 1.        ],0,3
181,7.0,0.11538461538461542,0.5483870967741935,0.11538461538461542,[0.         0.65384615 1.        ],[0.         0.53846154 1.        ],1,3
182,7.0,0.03846153846153849,0.5263157894736842,0.03846153846153849,[0.         0.38461538 1.        ],[0.         0.34615385 1.        ],2,3
183,7.0,0.038461538461538436,0.5142857142857142,0.038461538461538436,[0.         0.69230769 1.        ],[0.         0.65384615 1.        ],3,3
184,7.0,-0.23076923076923078,0.38461538461538464,-0.23076923076923078,[0.         0.38461538 1.        ],[0.         0.61538462 1.        ],4,3
185,7.0,0.1923076923076923,0.5862068965517241,0.1923076923076923,[0.         0.65384615 1.        ],[0.         0.46153846 1.        ],5,3
186,7.0,-0.23076923076923078,0.38461538461538464,-0.23076923076923078,[0.         0.38461538 1.        ],[0.         0.61538462 1.        ],6,3
187,7.0,0.03846153846153849,0.5263157894736842,0.03846153846153849,[0.         0.38461538 1.        ],[0.         0.34615385 1.        ],7,3
188,7.0,0.23076923076923084,0.5833333333333334,0.23076923076923084,[0.         0.80769231 1.        ],[0.         0.57692308 1.        ],8,3
189,7.0,0.46153846153846156,0.7,0.46153846153846156,[0.         0.80769231 1.        ],[0.         0.34615385 1.        ],9,3
190,9.0,0.38461538461538464,0.7272727272727273,0.38461538461538464,[0.         0.61538462 1.        ],[0.         0.23076923 1.        ],0,3
191,9.0,0.423076923076923,0.6571428571428571,0.423076923076923,[0.         0.88461538 1.        ],[0.         0.46153846 1.        ],1,3
192,9.0,0.15384615384615385,0.5526315789473685,0.15384615384615385,[0.         0.80769231 1.        ],[0.         0.65384615 1.        ],2,3
193,9.0,0.07692307692307687,0.5384615384615384,0.07692307692307687,[0.         0.53846154 1.        ],[0.         0.46153846 1.        ],3,3
194,9.0,-0.038461538461538436,0.47619047619047616,-0.038461538461538436,[0.         0.38461538 1.        ],[0.         0.42307692 1.        ],4,3
195,9.0,0.0,0.5,0.0,[0.         0.61538462 1.        ],[0.         0.61538462 1.        ],5,3
196,9.0,-0.07692307692307698,0.4666666666666667,-0.07692307692307698,[0.         0.53846154 1.        ],[0.         0.61538462 1.        ],6,3
197,9.0,0.0,0.5,0.0,[0.         0.53846154 1.        ],[0.         0.53846154 1.        ],7,3
198,9.0,0.15384615384615385,0.5625,0.15384615384615385,[0.         0.69230769 1.        ],[0.         0.53846154 1.        ],8,3
199,9.0,-0.07692307692307693,0.45454545454545453,-0.07692307692307693,[0.         0.38461538 1.        ],[0.         0.46153846 1.        ],9,3
200,0.5,0.1923076923076923,0.6923076923076923,0.1923076923076923,[0.         0.34615385 1.        ],[0.         0.15384615 1.        ],0,4
201,0.5,-0.038461538461538464,0.0,-0.038461538461538464,[0. 0. 1.],[0.         0.03846154 1.        ],1,4
202,0.5,-0.11538461538461536,0.36363636363636365,-0.11538461538461536,[0.         0.15384615 1.        ],[0.         0.26923077 1.        ],2,4
203,0.5,0.038461538461538436,0.5294117647058824,0.038461538461538436,[0.         0.34615385 1.        ],[0.         0.30769231 1.        ],3,4
204,0.5,0.11538461538461536,0.6,0.11538461538461536,[0.         0.34615385 1.        ],[0.         0.23076923 1.        ],4,4
205,0.5,-0.038461538461538464,0.4444444444444444,-0.038461538461538464,[0.         0.15384615 1.        ],[0.         0.19230769 1.        ],5,4
206,0.5,-0.07692307692307693,0.4375,-0.07692307692307693,[0.         0.26923077 1.        ],[0.         0.34615385 1.        ],6,4
207,0.5,0.11538461538461536,0.6,0.11538461538461536,[0.         0.34615385 1.        ],[0.         0.23076923 1.        ],7,4
208,0.5,0.07692307692307693,0.5625,0.07692307692307693,[0.         0.34615385 1.        ],[0.         0.26923077 1.        ],8,4
209,0.5,0.07692307692307693,0.5714285714285714,0.07692307692307693,[0.         0.30769231 1.        ],[0.         0.23076923 1.        ],9,4
210,1.0,0.11538461538461542,0.5714285714285714,0.11538461538461542,[0.         0.46153846 1.        ],[0.         0.34615385 1.        ],0,4
211,1.0,0.15384615384615385,0.6666666666666666,0.15384615384615385,[0.         0.30769231 1.        ],[0.         0.15384615 1.        ],1,4
212,1.0,-0.11538461538461536,0.4,-0.11538461538461536,[0.         0.23076923 1.        ],[0.         0.34615385 1.        ],2,4
213,1.0,-0.038461538461538436,0.47058823529411764,-0.038461538461538436,[0.         0.30769231 1.        ],[0.         0.34615385 1.        ],3,4
214,1.0,0.0,0.5,0.0,[0.         0.19230769 1.        ],[0.         0.19230769 1.        ],4,4
215,1.0,-0.038461538461538436,0.47619047619047616,-0.038461538461538436,[0.         0.38461538 1.        ],[0.         0.42307692 1.        ],5,4
216,1.0,0.0,0.5,0.0,[0.         0.26923077 1.        ],[0.         0.26923077 1.        ],6,4
217,1.0,0.15384615384615385,0.625,0.15384615384615385,[0.         0.38461538 1.        ],[0.         0.23076923 1.        ],7,4
218,1.0,0.038461538461538436,0.5384615384615384,0.038461538461538436,[0.         0.26923077 1.        ],[0.         0.23076923 1.        ],8,4
219,1.0,0.0,0.5,0.0,[0.         0.03846154 1.        ],[0.         0.03846154 1.        ],9,4
220,1.5,0.11538461538461542,0.5483870967741935,0.11538461538461542,[0.         0.65384615 1.        ],[0.         0.53846154 1.        ],0,4
221,1.5,-0.07692307692307693,0.45,-0.07692307692307693,[0.         0.34615385 1.        ],[0.         0.42307692 1.        ],1,4
222,1.5,0.0769230769230769,0.5833333333333334,0.0769230769230769,[0.         0.26923077 1.        ],[0.         0.19230769 1.        ],2,4
223,1.5,0.07692307692307693,0.625,0.07692307692307693,[0.         0.19230769 1.        ],[0.         0.11538462 1.        ],3,4
224,1.5,0.1538461538461538,0.5833333333333334,0.1538461538461538,[0.         0.53846154 1.        ],[0.         0.38461538 1.        ],4,4
225,1.5,0.3076923076923077,0.7222222222222222,0.3076923076923077,[0.  0.5 1. ],[0.         0.19230769 1.        ],5,4
226,1.5,-0.038461538461538436,0.46153846153846156,-0.038461538461538436,[0.         0.23076923 1.        ],[0.         0.26923077 1.        ],6,4
227,1.5,-0.038461538461538436,0.47619047619047616,-0.038461538461538436,[0.         0.38461538 1.        ],[0.         0.42307692 1.        ],7,4
228,1.5,-0.07692307692307693,0.4444444444444444,-0.07692307692307693,[0.         0.30769231 1.        ],[0.         0.38461538 1.        ],8,4
229,1.5,0.07692307692307693,0.55,0.07692307692307693,[0.         0.42307692 1.        ],[0.         0.34615385 1.        ],9,4
230,2.0,0.23076923076923073,0.625,0.23076923076923073,[0.         0.57692308 1.        ],[0.         0.34615385 1.        ],0,4
231,2.0,0.11538461538461536,0.5789473684210527,0.11538461538461536,[0.         0.42307692 1.        ],[0.         0.30769231 1.        ],1,4
232,2.0,-0.07692307692307698,0.46875,-0.07692307692307698,[0.         0.57692308 1.        ],[0.         0.65384615 1.        ],2,4
233,2.0,-0.15384615384615385,0.4,-0.15384615384615385,[0.         0.30769231 1.        ],[0.         0.46153846 1.        ],3,4
234,2.0,-0.07692307692307693,0.4,-0.07692307692307693,[0.         0.15384615 1.        ],[0.         0.23076923 1.        ],4,4
235,2.0,-0.15384615384615385,0.4090909090909091,-0.15384615384615385,[0.         0.34615385 1.        ],[0.  0.5 1. ],5,4
236,2.0,-0.1923076923076923,0.41379310344827586,-0.1923076923076923,[0.         0.46153846 1.        ],[0.         0.65384615 1.        ],6,4
237,2.0,0.0,0.5,0.0,[0.  0.5 1. ],[0.  0.5 1. ],7,4
238,2.0,-0.07692307692307693,0.4375,-0.07692307692307693,[0.         0.26923077 1.        ],[0.         0.34615385 1.        ],8,4
239,2.0,0.0,0.5,0.0,[0.         0.53846154 1.        ],[0.         0.53846154 1.        ],9,4
240,2.5,0.1538461538461538,0.5833333333333334,0.1538461538461538,[0.         0.53846154 1.        ],[0.         0.38461538 1.        ],0,4
241,2.5,-0.11538461538461542,0.45161290322580644,-0.11538461538461542,[0.         0.53846154 1.        ],[0.         0.65384615 1.        ],1,4
242,2.5,0.0,0.5,0.0,[0.         0.53846154 1.        ],[0.         0.53846154 1.        ],2,4
243,2.5,0.30769230769230765,0.6428571428571429,0.30769230769230765,[0.         0.69230769 1.        ],[0.         0.38461538 1.        ],3,4
244,2.5,0.11538461538461542,0.5517241379310345,0.11538461538461542,[0.         0.61538462 1.        ],[0.  0.5 1. ],4,4
245,2.5,-0.11538461538461542,0.4117647058823529,-0.11538461538461542,[0.         0.26923077 1.        ],[0.         0.38461538 1.        ],5,4
246,2.5,-0.1923076923076923,0.42424242424242425,-0.1923076923076923,[0.         0.53846154 1.        ],[0.         0.73076923 1.        ],6,4
247,2.5,-0.1923076923076923,0.42424242424242425,-0.1923076923076923,[0.         0.53846154 1.        ],[0.         0.73076923 1.        ],7,4
248,2.5,0.03846153846153849,0.5263157894736842,0.03846153846153849,[0.         0.38461538 1.        ],[0.         0.34615385 1.        ],8,4
249,2.5,0.19230769230769235,0.631578947368421,0.19230769230769235,[0.         0.46153846 1.        ],[0.         0.26923077 1.        ],9,4
250,3.0,-0.07692307692307687,0.46153846153846156,-0.07692307692307687,[0.         0.46153846 1.        ],[0.         0.53846154 1.        ],0,4
251,3.0,0.038461538461538436,0.5294117647058824,0.038461538461538436,[0.         0.34615385 1.        ],[0.         0.30769231 1.        ],1,4
252,3.0,0.30769230769230765,0.6333333333333333,0.30769230769230765,[0.         0.73076923 1.        ],[0.         0.42307692 1.        ],2,4
253,3.0,0.11538461538461536,0.5652173913043478,0.11538461538461536,[0.  0.5 1. ],[0.         0.38461538 1.        ],3,4
254,3.0,0.11538461538461536,0.5652173913043478,0.11538461538461536,[0.  0.5 1. ],[0.         0.38461538 1.        ],4,4
255,3.0,-0.11538461538461531,0.4444444444444444,-0.11538461538461531,[0.         0.46153846 1.        ],[0.         0.57692308 1.        ],5,4
256,3.0,-0.1538461538461538,0.4166666666666667,-0.1538461538461538,[0.         0.38461538 1.        ],[0.         0.53846154 1.        ],6,4
257,3.0,0.038461538461538436,0.5294117647058824,0.038461538461538436,[0.         0.34615385 1.        ],[0.         0.30769231 1.        ],7,4
258,3.0,0.038461538461538464,0.5454545454545454,0.038461538461538464,[0.         0.23076923 1.        ],[0.         0.19230769 1.        ],8,4
259,3.0,0.07692307692307693,0.5454545454545454,0.07692307692307693,[0.         0.46153846 1.        ],[0.         0.38461538 1.        ],9,4
260,3.5,-0.1923076923076923,0.391304347826087,-0.1923076923076923,[0.         0.34615385 1.        ],[0.         0.53846154 1.        ],0,4
261,3.5,0.3076923076923077,0.7222222222222222,0.3076923076923077,[0.  0.5 1. ],[0.         0.19230769 1.        ],1,4
262,3.5,0.1923076923076923,0.5757575757575758,0.1923076923076923,[0.         0.73076923 1.        ],[0.         0.53846154 1.        ],2,4
263,3.5,0.07692307692307693,0.5555555555555556,0.07692307692307693,[0.         0.38461538 1.        ],[0.         0.30769231 1.        ],3,4
264,3.5,0.11538461538461542,0.5517241379310345,0.11538461538461542,[0.         0.61538462 1.        ],[0.  0.5 1. ],4,4
265,3.5,0.19230769230769224,0.6,0.19230769230769224,[0.         0.57692308 1.        ],[0.         0.38461538 1.        ],5,4
266,3.5,0.07692307692307698,0.5333333333333333,0.07692307692307698,[0.         0.61538462 1.        ],[0.         0.53846154 1.        ],6,4
267,3.5,0.07692307692307693,0.5416666666666666,0.07692307692307693,[0.  0.5 1. ],[0.         0.42307692 1.        ],7,4
268,3.5,0.2692307692307692,0.6296296296296297,0.2692307692307692,[0.         0.65384615 1.        ],[0.         0.38461538 1.        ],8,4
269,3.5,0.23076923076923078,0.6153846153846154,0.23076923076923078,[0.         0.61538462 1.        ],[0.         0.38461538 1.        ],9,4
270,5.0,0.15384615384615385,0.5625,0.15384615384615385,[0.         0.69230769 1.        ],[0.         0.53846154 1.        ],0,4
271,5.0,0.3076923076923077,0.6052631578947368,0.3076923076923077,[0.         0.88461538 1.        ],[0.         0.57692308 1.        ],1,4
272,5.0,0.11538461538461536,0.6,0.11538461538461536,[0.         0.34615385 1.        ],[0.         0.23076923 1.        ],2,4
273,5.0,0.15384615384615385,0.5625,0.15384615384615385,[0.         0.69230769 1.        ],[0.         0.53846154 1.        ],3,4
274,5.0,-0.038461538461538436,0.4857142857142857,-0.038461538461538436,[0.         0.65384615 1.        ],[0.         0.69230769 1.        ],4,4
275,5.0,-0.1923076923076923,0.41379310344827586,-0.1923076923076923,[0.         0.46153846 1.        ],[0.         0.65384615 1.        ],5,4
276,5.0,0.07692307692307693,0.5625,0.07692307692307693,[0.         0.34615385 1.        ],[0.         0.26923077 1.        ],6,4
277,5.0,0.038461538461538436,0.5172413793103449,0.038461538461538436,[0.         0.57692308 1.        ],[0.         0.53846154 1.        ],7,4
278,5.0,-0.1538461538461538,0.4230769230769231,-0.1538461538461538,[0.         0.42307692 1.        ],[0.         0.57692308 1.        ],8,4
279,5.0,-0.15384615384615385,0.4090909090909091,-0.15384615384615385,[0.         0.34615385 1.        ],[0.  0.5 1. ],9,4
280,7.0,0.07692307692307687,0.5384615384615384,0.07692307692307687,[0.         0.53846154 1.        ],[0.         0.46153846 1.        ],0,4
281,7.0,0.1538461538461538,0.5769230769230769,0.1538461538461538,[0.         0.57692308 1.        ],[0.         0.42307692 1.        ],1,4
282,7.0,0.038461538461538436,0.5384615384615384,0.038461538461538436,[0.         0.26923077 1.        ],[0.         0.23076923 1.        ],2,4
283,7.0,0.23076923076923073,0.59375,0.23076923076923073,[0.         0.73076923 1.        ],[0.  0.5 1. ],3,4
284,7.0,0.23076923076923073,0.59375,0.23076923076923073,[0.         0.73076923 1.        ],[0.  0.5 1. ],4,4
285,7.0,0.2692307692307693,0.6,0.2692307692307693,[0.         0.80769231 1.        ],[0.         0.53846154 1.        ],5,4
286,7.0,0.19230769230769235,0.5925925925925926,0.19230769230769235,[0.         0.61538462 1.        ],[0.         0.42307692 1.        ],6,4
287,7.0,0.0,0.5,0.0,[0.         0.57692308 1.        ],[0.         0.57692308 1.        ],7,4
288,7.0,0.07692307692307698,0.53125,0.07692307692307698,[0.         0.65384615 1.        ],[0.         0.57692308 1.        ],8,4
289,7.0,0.038461538461538436,0.52,0.038461538461538436,[0.  0.5 1. ],[0.         0.46153846 1.        ],9,4
290,9.0,0.0,0.5,0.0,[0.  0.5 1. ],[0.  0.5 1. ],0,4
291,9.0,-0.038461538461538436,0.48148148148148145,-0.038461538461538436,[0.  0.5 1. ],[0.         0.53846154 1.        ],1,4
292,9.0,0.15384615384615385,0.5625,0.15384615384615385,[0.         0.69230769 1.        ],[0.         0.53846154 1.        ],2,4
293,9.0,-0.07692307692307687,0.4722222222222222,-0.07692307692307687,[0.         0.65384615 1.        ],[0.         0.73076923 1.        ],3,4
294,9.0,0.07692307692307693,0.55,0.07692307692307693,[0.         0.42307692 1.        ],[0.         0.34615385 1.        ],4,4
295,9.0,0.15384615384615385,0.5909090909090909,0.15384615384615385,[0.  0.5 1. ],[0.         0.34615385 1.        ],5,4
296,9.0,0.3076923076923077,0.6,0.3076923076923077,[0.         0.92307692 1.        ],[0.         0.61538462 1.        ],6,4
297,9.0,0.0,0.5,0.0,[0.         0.65384615 1.        ],[0.         0.65384615 1.        ],7,4
298,9.0,0.15384615384615385,0.625,0.15384615384615385,[0.         0.38461538 1.        ],[0.         0.23076923 1.        ],8,4
299,9.0,0.11538461538461536,0.56,0.11538461538461536,[0.         0.53846154 1.        ],[0.         0.42307692 1.        ],9,4
300,0.5,0.11538461538461542,0.5882352941176471,0.11538461538461542,[0.         0.38461538 1.        ],[0.         0.26923077 1.        ],0,5
301,0.5,0.038461538461538464,0.5555555555555556,0.038461538461538464,[0.         0.19230769 1.        ],[0.         0.15384615 1.        ],1,5
302,0.5,-0.07692307692307693,0.25,-0.07692307692307693,[0.         0.03846154 1.        ],[0.         0.11538462 1.        ],2,5
303,0.5,-0.0769230769230769,0.4166666666666667,-0.0769230769230769,[0.         0.19230769 1.        ],[0.         0.26923077 1.        ],3,5
304,0.5,0.11538461538461539,0.8,0.11538461538461539,[0.         0.15384615 1.        ],[0.         0.03846154 1.        ],4,5
305,0.5,0.0,0.5,0.0,[0.         0.53846154 1.        ],[0.         0.53846154 1.        ],5,5
306,0.5,0.23076923076923075,0.6875,0.23076923076923075,[0.         0.42307692 1.        ],[0.         0.19230769 1.        ],6,5
307,0.5,0.23076923076923078,1.0,0.23076923076923078,[0.         0.23076923 1.        ],[0. 0. 1.],7,5
308,0.5,-0.23076923076923078,0.38461538461538464,-0.23076923076923078,[0.         0.38461538 1.        ],[0.         0.61538462 1.        ],8,5
309,0.5,-0.1923076923076923,0.35294117647058826,-0.1923076923076923,[0.         0.23076923 1.        ],[0.         0.42307692 1.        ],9,5
310,1.0,-0.038461538461538436,0.48,-0.038461538461538436,[0.         0.46153846 1.        ],[0.  0.5 1. ],0,5
311,1.0,0.15384615384615385,0.75,0.15384615384615385,[0.         0.23076923 1.        ],[0.         0.07692308 1.        ],1,5
312,1.0,0.07692307692307693,0.5555555555555556,0.07692307692307693,[0.         0.38461538 1.        ],[0.         0.30769231 1.        ],2,5
313,1.0,-0.07692307692307693,0.4,-0.07692307692307693,[0.         0.15384615 1.        ],[0.         0.23076923 1.        ],3,5
314,1.0,-0.038461538461538436,0.47058823529411764,-0.038461538461538436,[0.         0.30769231 1.        ],[0.         0.34615385 1.        ],4,5
315,1.0,0.0,0.5,0.0,[0.         0.26923077 1.        ],[0.         0.26923077 1.        ],5,5
316,1.0,0.07692307692307693,0.5454545454545454,0.07692307692307693,[0.         0.46153846 1.        ],[0.         0.38461538 1.        ],6,5
317,1.0,0.23076923076923078,0.6666666666666666,0.23076923076923078,[0.         0.46153846 1.        ],[0.         0.23076923 1.        ],7,5
318,1.0,0.0,0.5,0.0,[0.         0.30769231 1.        ],[0.         0.30769231 1.        ],8,5
319,1.0,0.038461538461538436,0.5172413793103449,0.038461538461538436,[0.         0.57692308 1.        ],[0.         0.53846154 1.        ],9,5
320,1.5,0.07692307692307693,0.5416666666666666,0.07692307692307693,[0.  0.5 1. ],[0.         0.42307692 1.        ],0,5
321,1.5,0.11538461538461539,0.6666666666666666,0.11538461538461539,[0.         0.23076923 1.        ],[0.         0.11538462 1.        ],1,5
322,1.5,0.07692307692307693,0.5625,0.07692307692307693,[0.         0.34615385 1.        ],[0.         0.26923077 1.        ],2,5
323,1.5,-0.038461538461538436,0.46153846153846156,-0.038461538461538436,[0.         0.23076923 1.        ],[0.         0.26923077 1.        ],3,5
324,1.5,0.11538461538461536,0.6,0.11538461538461536,[0.         0.34615385 1.        ],[0.         0.23076923 1.        ],4,5
325,1.5,0.0,0.5,0.0,[0.         0.57692308 1.        ],[0.         0.57692308 1.        ],5,5
326,1.5,-0.07692307692307693,0.25,-0.07692307692307693,[0.         0.03846154 1.        ],[0.         0.11538462 1.        ],6,5
327,1.5,0.15384615384615385,0.5909090909090909,0.15384615384615385,[0.  0.5 1. ],[0.         0.34615385 1.        ],7,5
328,1.5,0.2692307692307692,0.6842105263157895,0.2692307692307692,[0.  0.5 1. ],[0.         0.23076923 1.        ],8,5
329,1.5,0.1538461538461538,0.5833333333333334,0.1538461538461538,[0.         0.53846154 1.        ],[0.         0.38461538 1.        ],9,5
330,2.0,0.11538461538461542,0.5714285714285714,0.11538461538461542,[0.         0.46153846 1.        ],[0.         0.34615385 1.        ],0,5
331,2.0,0.07692307692307687,0.5384615384615384,0.07692307692307687,[0.         0.53846154 1.        ],[0.         0.46153846 1.        ],1,5
332,2.0,0.11538461538461536,0.56,0.11538461538461536,[0.         0.53846154 1.        ],[0.         0.42307692 1.        ],2,5
333,2.0,0.23076923076923078,0.6666666666666666,0.23076923076923078,[0.         0.46153846 1.        ],[0.         0.23076923 1.        ],3,5
334,2.0,-0.038461538461538436,0.47619047619047616,-0.038461538461538436,[0.         0.38461538 1.        ],[0.         0.42307692 1.        ],4,5
335,2.0,0.15384615384615385,0.5909090909090909,0.15384615384615385,[0.  0.5 1. ],[0.         0.34615385 1.        ],5,5
336,2.0,0.30769230769230765,0.6428571428571429,0.30769230769230765,[0.         0.69230769 1.        ],[0.         0.38461538 1.        ],6,5
337,2.0,0.15384615384615385,0.625,0.15384615384615385,[0.         0.38461538 1.        ],[0.         0.23076923 1.        ],7,5
338,2.0,0.07692307692307693,0.6,0.07692307692307693,[0.         0.23076923 1.        ],[0.         0.15384615 1.        ],8,5
339,2.0,0.23076923076923078,0.6666666666666666,0.23076923076923078,[0.         0.46153846 1.        ],[0.         0.23076923 1.        ],9,5
340,2.5,-0.11538461538461542,0.4117647058823529,-0.11538461538461542,[0.         0.26923077 1.        ],[0.         0.38461538 1.        ],0,5
341,2.5,0.15384615384615385,0.6,0.15384615384615385,[0.         0.46153846 1.        ],[0.         0.30769231 1.        ],1,5
342,2.5,-0.11538461538461536,0.4,-0.11538461538461536,[0.         0.23076923 1.        ],[0.         0.34615385 1.        ],2,5
343,2.5,0.3461538461538462,0.6956521739130435,0.3461538461538462,[0.         0.61538462 1.        ],[0.         0.26923077 1.        ],3,5
344,2.5,0.15384615384615385,0.625,0.15384615384615385,[0.         0.38461538 1.        ],[0.         0.23076923 1.        ],4,5
345,2.5,0.11538461538461536,0.5789473684210527,0.11538461538461536,[0.         0.42307692 1.        ],[0.         0.30769231 1.        ],5,5
346,2.5,0.0,0.5,0.0,[0.         0.65384615 1.        ],[0.         0.65384615 1.        ],6,5
347,2.5,0.15384615384615385,0.625,0.15384615384615385,[0.         0.38461538 1.        ],[0.         0.23076923 1.        ],7,5
348,2.5,-0.07692307692307687,0.4642857142857143,-0.07692307692307687,[0.  0.5 1. ],[0.         0.57692308 1.        ],8,5
349,2.5,0.3461538461538462,0.6956521739130435,0.3461538461538462,[0.         0.61538462 1.        ],[0.         0.26923077 1.        ],9,5
350,3.0,0.0,0.5,0.0,[0.         0.53846154 1.        ],[0.         0.53846154 1.        ],0,5
351,3.0,0.11538461538461542,0.5454545454545454,0.11538461538461542,[0.         0.69230769 1.        ],[0.         0.57692308 1.        ],1,5
352,3.0,0.23076923076923073,0.625,0.23076923076923073,[0.         0.57692308 1.        ],[0.         0.34615385 1.        ],2,5
353,3.0,0.2692307692307692,0.6296296296296297,0.2692307692307692,[0.         0.65384615 1.        ],[0.         0.38461538 1.        ],3,5
354,3.0,-0.07692307692307687,0.46153846153846156,-0.07692307692307687,[0.         0.46153846 1.        ],[0.         0.53846154 1.        ],4,5
355,3.0,0.23076923076923078,0.6666666666666666,0.23076923076923078,[0.         0.46153846 1.        ],[0.         0.23076923 1.        ],5,5
356,3.0,0.0,0.5,0.0,[0.  0.5 1. ],[0.  0.5 1. ],6,5
357,3.0,-0.03846153846153849,0.4782608695652174,-0.03846153846153849,[0.         0.42307692 1.        ],[0.         0.46153846 1.        ],7,5
358,3.0,0.11538461538461542,0.5714285714285714,0.11538461538461542,[0.         0.46153846 1.        ],[0.         0.34615385 1.        ],8,5
359,3.0,0.038461538461538436,0.5135135135135135,0.038461538461538436,[0.         0.73076923 1.        ],[0.         0.69230769 1.        ],9,5
360,3.5,-0.15384615384615385,0.4,-0.15384615384615385,[0.         0.30769231 1.        ],[0.         0.46153846 1.        ],0,5
361,3.5,0.07692307692307687,0.5384615384615384,0.07692307692307687,[0.         0.53846154 1.        ],[0.         0.46153846 1.        ],1,5
362,3.5,0.11538461538461542,0.5454545454545454,0.11538461538461542,[0.         0.69230769 1.        ],[0.         0.57692308 1.        ],2,5
363,3.5,-0.15384615384615385,0.4090909090909091,-0.15384615384615385,[0.         0.34615385 1.        ],[0.  0.5 1. ],3,5
364,3.5,0.23076923076923084,0.5833333333333334,0.23076923076923084,[0.         0.80769231 1.        ],[0.         0.57692308 1.        ],4,5
365,3.5,-0.15384615384615385,0.42857142857142855,-0.15384615384615385,[0.         0.46153846 1.        ],[0.         0.61538462 1.        ],5,5
366,3.5,0.23076923076923073,0.575,0.23076923076923073,[0.         0.88461538 1.        ],[0.         0.65384615 1.        ],6,5
367,3.5,0.1923076923076923,0.5862068965517241,0.1923076923076923,[0.         0.65384615 1.        ],[0.         0.46153846 1.        ],7,5
368,3.5,-0.03846153846153855,0.4838709677419355,-0.03846153846153855,[0.         0.57692308 1.        ],[0.         0.61538462 1.        ],8,5
369,3.5,0.23076923076923073,0.625,0.23076923076923073,[0.         0.57692308 1.        ],[0.         0.34615385 1.        ],9,5
370,5.0,0.11538461538461536,0.56,0.11538461538461536,[0.         0.53846154 1.        ],[0.         0.42307692 1.        ],0,5
371,5.0,-0.07692307692307693,0.4375,-0.07692307692307693,[0.         0.26923077 1.        ],[0.         0.34615385 1.        ],1,5
372,5.0,0.1923076923076923,0.5862068965517241,0.1923076923076923,[0.         0.65384615 1.        ],[0.         0.46153846 1.        ],2,5
373,5.0,0.3076923076923077,0.6111111111111112,0.3076923076923077,[0.         0.84615385 1.        ],[0.         0.53846154 1.        ],3,5
374,5.0,0.23076923076923078,0.6666666666666666,0.23076923076923078,[0.         0.46153846 1.        ],[0.         0.23076923 1.        ],4,5
375,5.0,0.1538461538461538,0.5833333333333334,0.1538461538461538,[0.         0.53846154 1.        ],[0.         0.38461538 1.        ],5,5
376,5.0,0.07692307692307687,0.5294117647058824,0.07692307692307687,[0.         0.69230769 1.        ],[0.         0.61538462 1.        ],6,5
377,5.0,-0.038461538461538436,0.46153846153846156,-0.038461538461538436,[0.         0.23076923 1.        ],[0.         0.26923077 1.        ],7,5
378,5.0,0.11538461538461542,0.5384615384615384,0.11538461538461542,[0.         0.80769231 1.        ],[0.         0.69230769 1.        ],8,5
379,5.0,0.15384615384615385,0.5555555555555556,0.15384615384615385,[0.         0.76923077 1.        ],[0.         0.61538462 1.        ],9,5
380,7.0,0.0,0.5,0.0,[0.         0.73076923 1.        ],[0.         0.73076923 1.        ],0,5
381,7.0,0.23076923076923073,0.6363636363636364,0.23076923076923073,[0.         0.53846154 1.        ],[0.         0.30769231 1.        ],1,5
382,7.0,0.15384615384615385,0.5555555555555556,0.15384615384615385,[0.         0.76923077 1.        ],[0.         0.61538462 1.        ],2,5
383,7.0,0.07692307692307687,0.5384615384615384,0.07692307692307687,[0.         0.53846154 1.        ],[0.         0.46153846 1.        ],3,5
384,7.0,-0.03846153846153849,0.4782608695652174,-0.03846153846153849,[0.         0.42307692 1.        ],[0.         0.46153846 1.        ],4,5
385,7.0,0.3076923076923077,0.6,0.3076923076923077,[0.         0.92307692 1.        ],[0.         0.61538462 1.        ],5,5
386,7.0,0.23076923076923073,0.625,0.23076923076923073,[0.         0.57692308 1.        ],[0.         0.34615385 1.        ],6,5
387,7.0,0.2692307692307693,0.7692307692307693,0.2692307692307693,[0.         0.38461538 1.        ],[0.         0.11538462 1.        ],7,5
388,7.0,-0.03846153846153855,0.4838709677419355,-0.03846153846153855,[0.         0.57692308 1.        ],[0.         0.61538462 1.        ],8,5
389,7.0,-0.07692307692307693,0.45,-0.07692307692307693,[0.         0.34615385 1.        ],[0.         0.42307692 1.        ],9,5
390,9.0,0.11538461538461536,0.56,0.11538461538461536,[0.         0.53846154 1.        ],[0.         0.42307692 1.        ],0,5
391,9.0,0.15384615384615385,0.5714285714285714,0.15384615384615385,[0.         0.61538462 1.        ],[0.         0.46153846 1.        ],1,5
392,9.0,0.15384615384615385,0.5476190476190477,0.15384615384615385,[0.         0.88461538 1.        ],[0.         0.73076923 1.        ],2,5
393,9.0,0.07692307692307698,0.5333333333333333,0.07692307692307698,[0.         0.61538462 1.        ],[0.         0.53846154 1.        ],3,5
394,9.0,0.15384615384615385,0.5555555555555556,0.15384615384615385,[0.         0.76923077 1.        ],[0.         0.61538462 1.        ],4,5
395,9.0,0.0,0.5,0.0,[0.         0.38461538 1.        ],[0.         0.38461538 1.        ],5,5
396,9.0,0.15384615384615385,0.5714285714285714,0.15384615384615385,[0.         0.61538462 1.        ],[0.         0.46153846 1.        ],6,5
397,9.0,-0.15384615384615385,0.4375,-0.15384615384615385,[0.         0.53846154 1.        ],[0.         0.69230769 1.        ],7,5
398,9.0,0.038461538461538436,0.5238095238095238,0.038461538461538436,[0.         0.42307692 1.        ],[0.         0.38461538 1.        ],8,5
399,9.0,0.07692307692307693,0.5454545454545454,0.07692307692307693,[0.         0.46153846 1.        ],[0.         0.38461538 1.        ],9,5
400,0.5,0.07692307692307693,0.5714285714285714,0.07692307692307693,[0.         0.30769231 1.        ],[0.         0.23076923 1.        ],0,6
401,0.5,0.1923076923076923,0.6086956521739131,0.1923076923076923,[0.         0.53846154 1.        ],[0.         0.34615385 1.        ],1,6
402,0.5,0.1923076923076923,0.6470588235294118,0.1923076923076923,[0.         0.42307692 1.        ],[0.         0.23076923 1.        ],2,6
403,0.5,0.0769230769230769,0.5833333333333334,0.0769230769230769,[0.         0.26923077 1.        ],[0.         0.19230769 1.        ],3,6
404,0.5,-0.038461538461538464,0.0,-0.038461538461538464,[0. 0. 1.],[0.         0.03846154 1.        ],4,6
405,0.5,0.07692307692307693,0.625,0.07692307692307693,[0.         0.19230769 1.        ],[0.         0.11538462 1.        ],5,6
406,0.5,0.11538461538461539,0.8,0.11538461538461539,[0.         0.15384615 1.        ],[0.         0.03846154 1.        ],6,6
407,0.5,0.07692307692307698,0.5333333333333333,0.07692307692307698,[0.         0.61538462 1.        ],[0.         0.53846154 1.        ],7,6
408,0.5,0.0,0.5,0.0,[0.         0.15384615 1.        ],[0.         0.15384615 1.        ],8,6
409,0.5,0.15384615384615383,0.7,0.15384615384615383,[0.         0.26923077 1.        ],[0.         0.11538462 1.        ],9,6
410,1.0,-0.11538461538461536,0.42105263157894735,-0.11538461538461536,[0.         0.30769231 1.        ],[0.         0.42307692 1.        ],0,6
411,1.0,-0.07692307692307693,0.4375,-0.07692307692307693,[0.         0.26923077 1.        ],[0.         0.34615385 1.        ],1,6
412,1.0,0.03846153846153849,0.5333333333333333,0.03846153846153849,[0.         0.30769231 1.        ],[0.         0.26923077 1.        ],2,6
413,1.0,0.0,0.5,0.0,[0.         0.23076923 1.        ],[0.         0.23076923 1.        ],3,6
414,1.0,-0.07692307692307693,0.0,-0.07692307692307693,[0. 0. 1.],[0.         0.07692308 1.        ],4,6
415,1.0,-0.15384615384615383,0.3,-0.15384615384615383,[0.         0.11538462 1.        ],[0.         0.26923077 1.        ],5,6
416,1.0,0.2692307692307692,0.7333333333333333,0.2692307692307692,[0.         0.42307692 1.        ],[0.         0.15384615 1.        ],6,6
417,1.0,0.1923076923076923,0.6470588235294118,0.1923076923076923,[0.         0.42307692 1.        ],[0.         0.23076923 1.        ],7,6
418,1.0,0.038461538461538464,0.5555555555555556,0.038461538461538464,[0.         0.19230769 1.        ],[0.         0.15384615 1.        ],8,6
419,1.0,0.0,0.5,0.0,[0.         0.11538462 1.        ],[0.         0.11538462 1.        ],9,6
420,1.5,0.15384615384615385,0.8333333333333334,0.15384615384615385,[0.         0.19230769 1.        ],[0.         0.03846154 1.        ],0,6
421,1.5,0.1923076923076923,0.6923076923076923,0.1923076923076923,[0.         0.34615385 1.        ],[0.         0.15384615 1.        ],1,6
422,1.5,-0.07692307692307693,0.4375,-0.07692307692307693,[0.         0.26923077 1.        ],[0.         0.34615385 1.        ],2,6
423,1.5,-0.038461538461538464,0.45454545454545453,-0.038461538461538464,[0.         0.19230769 1.        ],[0.         0.23076923 1.        ],3,6
424,1.5,0.19230769230769232,0.6666666666666666,0.19230769230769232,[0.         0.38461538 1.        ],[0.         0.19230769 1.        ],4,6
425,1.5,-0.07692307692307687,0.46153846153846156,-0.07692307692307687,[0.         0.46153846 1.        ],[0.         0.53846154 1.        ],5,6
426,1.5,0.038461538461538464,0.5555555555555556,0.038461538461538464,[0.         0.19230769 1.        ],[0.         0.15384615 1.        ],6,6
427,1.5,0.1538461538461538,0.5833333333333334,0.1538461538461538,[0.         0.53846154 1.        ],[0.         0.38461538 1.        ],7,6
428,1.5,0.0,0.5,0.0,[0.         0.23076923 1.        ],[0.         0.23076923 1.        ],8,6
429,1.5,0.0,0.5,0.0,[0.         0.42307692 1.        ],[0.         0.42307692 1.        ],9,6
430,2.0,0.15384615384615383,0.6428571428571429,0.15384615384615383,[0.         0.34615385 1.        ],[0.         0.19230769 1.        ],0,6
431,2.0,-0.03846153846153849,0.47368421052631576,-0.03846153846153849,[0.         0.34615385 1.        ],[0.         0.38461538 1.        ],1,6
432,2.0,-0.07692307692307693,0.45,-0.07692307692307693,[0.         0.34615385 1.        ],[0.         0.42307692 1.        ],2,6
433,2.0,0.19230769230769224,0.6,0.19230769230769224,[0.         0.57692308 1.        ],[0.         0.38461538 1.        ],3,6
434,2.0,-0.07692307692307693,0.4,-0.07692307692307693,[0.         0.15384615 1.        ],[0.         0.23076923 1.        ],4,6
435,2.0,-0.07692307692307693,0.4444444444444444,-0.07692307692307693,[0.         0.30769231 1.        ],[0.         0.38461538 1.        ],5,6
436,2.0,0.03846153846153849,0.5333333333333333,0.03846153846153849,[0.         0.30769231 1.        ],[0.         0.26923077 1.        ],6,6
437,2.0,0.038461538461538436,0.5238095238095238,0.038461538461538436,[0.         0.42307692 1.        ],[0.         0.38461538 1.        ],7,6
438,2.0,-0.07692307692307693,0.3333333333333333,-0.07692307692307693,[0.         0.07692308 1.        ],[0.         0.15384615 1.        ],8,6
439,2.0,0.07692307692307693,0.5625,0.07692307692307693,[0.         0.34615385 1.        ],[0.         0.26923077 1.        ],9,6
440,2.5,0.19230769230769232,0.6666666666666666,0.19230769230769232,[0.         0.38461538 1.        ],[0.         0.19230769 1.        ],0,6
441,2.5,0.11538461538461536,0.5789473684210527,0.11538461538461536,[0.         0.42307692 1.        ],[0.         0.30769231 1.        ],1,6
442,2.5,0.0,0.5,0.0,[0.         0.30769231 1.        ],[0.         0.30769231 1.        ],2,6
443,2.5,0.30769230769230765,0.6428571428571429,0.30769230769230765,[0.         0.69230769 1.        ],[0.         0.38461538 1.        ],3,6
444,2.5,-0.07692307692307693,0.4375,-0.07692307692307693,[0.         0.26923077 1.        ],[0.         0.34615385 1.        ],4,6
445,2.5,-0.15384615384615385,0.4,-0.15384615384615385,[0.         0.30769231 1.        ],[0.         0.46153846 1.        ],5,6
446,2.5,-0.07692307692307687,0.46153846153846156,-0.07692307692307687,[0.         0.46153846 1.        ],[0.         0.53846154 1.        ],6,6
447,2.5,0.23076923076923073,0.625,0.23076923076923073,[0.         0.57692308 1.        ],[0.         0.34615385 1.        ],7,6
448,2.5,0.0,0.5,0.0,[0.         0.42307692 1.        ],[0.         0.42307692 1.        ],8,6
449,2.5,0.23076923076923078,0.6153846153846154,0.23076923076923078,[0.         0.61538462 1.        ],[0.         0.38461538 1.        ],9,6
450,3.0,0.0,0.5,0.0,[0.         0.42307692 1.        ],[0.         0.42307692 1.        ],0,6
451,3.0,0.423076923076923,0.8235294117647058,0.423076923076923,[0.         0.53846154 1.        ],[0.         0.11538462 1.        ],1,6
452,3.0,-0.07692307692307693,0.45,-0.07692307692307693,[0.         0.34615385 1.        ],[0.         0.42307692 1.        ],2,6
453,3.0,0.26923076923076916,0.6521739130434783,0.26923076923076916,[0.         0.57692308 1.        ],[0.         0.30769231 1.        ],3,6
454,3.0,0.038461538461538436,0.5294117647058824,0.038461538461538436,[0.         0.34615385 1.        ],[0.         0.30769231 1.        ],4,6
455,3.0,0.2692307692307692,0.6666666666666666,0.2692307692307692,[0.         0.53846154 1.        ],[0.         0.26923077 1.        ],5,6
456,3.0,0.0,0.5,0.0,[0.  0.5 1. ],[0.  0.5 1. ],6,6
457,3.0,0.07692307692307693,0.5416666666666666,0.07692307692307693,[0.  0.5 1. ],[0.         0.42307692 1.        ],7,6
458,3.0,0.1538461538461538,0.5833333333333334,0.1538461538461538,[0.         0.53846154 1.        ],[0.         0.38461538 1.        ],8,6
459,3.0,0.0,0.5,0.0,[0.         0.34615385 1.        ],[0.         0.34615385 1.        ],9,6
460,3.5,0.03846153846153849,0.5263157894736842,0.03846153846153849,[0.         0.38461538 1.        ],[0.         0.34615385 1.        ],0,6
461,3.5,0.11538461538461531,0.5428571428571428,0.11538461538461531,[0.         0.73076923 1.        ],[0.         0.61538462 1.        ],1,6
462,3.5,0.0,0.5,0.0,[0.         0.42307692 1.        ],[0.         0.42307692 1.        ],2,6
463,3.5,0.07692307692307687,0.5357142857142857,0.07692307692307687,[0.         0.57692308 1.        ],[0.  0.5 1. ],3,6
464,3.5,0.11538461538461536,0.56,0.11538461538461536,[0.         0.53846154 1.        ],[0.         0.42307692 1.        ],4,6
465,3.5,-0.07692307692307693,0.45,-0.07692307692307693,[0.         0.34615385 1.        ],[0.         0.42307692 1.        ],5,6
466,3.5,0.07692307692307693,0.5625,0.07692307692307693,[0.         0.34615385 1.        ],[0.         0.26923077 1.        ],6,6
467,3.5,-0.038461538461538464,0.4444444444444444,-0.038461538461538464,[0.         0.15384615 1.        ],[0.         0.19230769 1.        ],7,6
468,3.5,0.15384615384615385,0.6111111111111112,0.15384615384615385,[0.         0.42307692 1.        ],[0.         0.26923077 1.        ],8,6
469,3.5,0.038461538461538436,0.5238095238095238,0.038461538461538436,[0.         0.42307692 1.        ],[0.         0.38461538 1.        ],9,6
470,5.0,-0.038461538461538436,0.48148148148148145,-0.038461538461538436,[0.  0.5 1. ],[0.         0.53846154 1.        ],0,6
471,5.0,0.15384615384615385,0.5909090909090909,0.15384615384615385,[0.  0.5 1. ],[0.         0.34615385 1.        ],1,6
472,5.0,0.0,0.5,0.0,[0.         0.26923077 1.        ],[0.         0.26923077 1.        ],2,6
473,5.0,0.11538461538461542,0.5714285714285714,0.11538461538461542,[0.         0.46153846 1.        ],[0.         0.34615385 1.        ],3,6
474,5.0,0.038461538461538464,0.6,0.038461538461538464,[0.         0.11538462 1.        ],[0.         0.07692308 1.        ],4,6
475,5.0,0.2692307692307693,0.64,0.2692307692307693,[0.         0.61538462 1.        ],[0.         0.34615385 1.        ],5,6
476,5.0,0.23076923076923078,0.6071428571428571,0.23076923076923078,[0.         0.65384615 1.        ],[0.         0.42307692 1.        ],6,6
477,5.0,0.11538461538461542,0.5517241379310345,0.11538461538461542,[0.         0.61538462 1.        ],[0.  0.5 1. ],7,6
478,5.0,0.19230769230769224,0.6,0.19230769230769224,[0.         0.57692308 1.        ],[0.         0.38461538 1.        ],8,6
479,5.0,0.19230769230769235,0.5925925925925926,0.19230769230769235,[0.         0.61538462 1.        ],[0.         0.42307692 1.        ],9,6
480,7.0,0.2692307692307692,0.6666666666666666,0.2692307692307692,[0.         0.53846154 1.        ],[0.         0.26923077 1.        ],0,6
481,7.0,0.2692307692307693,0.7058823529411765,0.2692307692307693,[0.         0.46153846 1.        ],[0.         0.19230769 1.        ],1,6
482,7.0,0.34615384615384615,0.7647058823529411,0.34615384615384615,[0.  0.5 1. ],[0.         0.15384615 1.        ],2,6
483,7.0,-0.07692307692307687,0.4642857142857143,-0.07692307692307687,[0.  0.5 1. ],[0.         0.57692308 1.        ],3,6
484,7.0,0.3076923076923077,0.625,0.3076923076923077,[0.         0.76923077 1.        ],[0.         0.46153846 1.        ],4,6
485,7.0,0.1538461538461538,0.5769230769230769,0.1538461538461538,[0.         0.57692308 1.        ],[0.         0.42307692 1.        ],5,6
486,7.0,0.1923076923076923,0.5862068965517241,0.1923076923076923,[0.         0.65384615 1.        ],[0.         0.46153846 1.        ],6,6
487,7.0,0.15384615384615383,0.6428571428571429,0.15384615384615383,[0.         0.34615385 1.        ],[0.         0.19230769 1.        ],7,6
488,7.0,-0.07692307692307687,0.46153846153846156,-0.07692307692307687,[0.         0.46153846 1.        ],[0.         0.53846154 1.        ],8,6
489,7.0,0.15384615384615385,0.5714285714285714,0.15384615384615385,[0.         0.61538462 1.        ],[0.         0.46153846 1.        ],9,6
490,9.0,0.23076923076923073,0.6363636363636364,0.23076923076923073,[0.         0.53846154 1.        ],[0.         0.30769231 1.        ],0,6
491,9.0,0.38461538461538464,0.6666666666666666,0.38461538461538464,[0.         0.76923077 1.        ],[0.         0.38461538 1.        ],1,6
492,9.0,0.1923076923076923,0.6086956521739131,0.1923076923076923,[0.         0.53846154 1.        ],[0.         0.34615385 1.        ],2,6
493,9.0,0.15384615384615385,0.5714285714285714,0.15384615384615385,[0.         0.61538462 1.        ],[0.         0.46153846 1.        ],3,6
494,9.0,0.11538461538461536,0.5652173913043478,0.11538461538461536,[0.  0.5 1. ],[0.         0.38461538 1.        ],4,6
495,9.0,0.3846153846153846,0.75,0.3846153846153846,[0.         0.57692308 1.        ],[0.         0.19230769 1.        ],5,6
496,9.0,-0.11538461538461531,0.4444444444444444,-0.11538461538461531,[0.         0.46153846 1.        ],[0.         0.57692308 1.        ],6,6
497,9.0,0.1923076923076923,0.6923076923076923,0.1923076923076923,[0.         0.34615385 1.        ],[0.         0.15384615 1.        ],7,6
498,9.0,0.1923076923076923,0.5806451612903226,0.1923076923076923,[0.         0.69230769 1.        ],[0.  0.5 1. ],8,6
499,9.0,0.2692307692307692,0.6666666666666666,0.2692307692307692,[0.         0.53846154 1.        ],[0.         0.26923077 1.        ],9,6
500,0.5,0.2692307692307693,0.8888888888888888,0.2692307692307693,[0.         0.30769231 1.        ],[0.         0.03846154 1.        ],0,7
501,0.5,0.03846153846153849,0.5263157894736842,0.03846153846153849,[0.         0.38461538 1.        ],[0.         0.34615385 1.        ],1,7
502,0.5,0.11538461538461539,1.0,0.11538461538461539,[0.         0.11538462 1.        ],[0. 0. 1.],2,7
503,0.5,0.15384615384615385,0.625,0.15384615384615385,[0.         0.38461538 1.        ],[0.         0.23076923 1.        ],3,7
504,0.5,0.19230769230769232,0.7272727272727273,0.19230769230769232,[0.         0.30769231 1.        ],[0.         0.11538462 1.        ],4,7
505,0.5,-0.03846153846153849,0.4666666666666667,-0.03846153846153849,[0.         0.26923077 1.        ],[0.         0.30769231 1.        ],5,7
506,0.5,0.0,0.5,0.0,[0.         0.07692308 1.        ],[0.         0.07692308 1.        ],6,7
507,0.5,0.0,0.5,0.0,[0.         0.15384615 1.        ],[0.         0.15384615 1.        ],7,7
508,0.5,0.038461538461538436,0.5238095238095238,0.038461538461538436,[0.         0.42307692 1.        ],[0.         0.38461538 1.        ],8,7
509,0.5,0.07692307692307693,0.5555555555555556,0.07692307692307693,[0.         0.38461538 1.        ],[0.         0.30769231 1.        ],9,7
510,1.0,0.11538461538461536,0.6,0.11538461538461536,[0.         0.34615385 1.        ],[0.         0.23076923 1.        ],0,7
511,1.0,-0.15384615384615385,0.375,-0.15384615384615385,[0.         0.23076923 1.        ],[0.         0.38461538 1.        ],1,7
512,1.0,0.46153846153846156,0.7727272727272727,0.46153846153846156,[0.         0.65384615 1.        ],[0.         0.19230769 1.        ],2,7
513,1.0,0.1923076923076923,0.6086956521739131,0.1923076923076923,[0.         0.53846154 1.        ],[0.         0.34615385 1.        ],3,7
514,1.0,0.15384615384615383,0.7,0.15384615384615383,[0.         0.26923077 1.        ],[0.         0.11538462 1.        ],4,7
515,1.0,-0.038461538461538436,0.47058823529411764,-0.038461538461538436,[0.         0.30769231 1.        ],[0.         0.34615385 1.        ],5,7
516,1.0,0.11538461538461539,0.8,0.11538461538461539,[0.         0.15384615 1.        ],[0.         0.03846154 1.        ],6,7
517,1.0,0.30769230769230765,0.7,0.30769230769230765,[0.         0.53846154 1.        ],[0.         0.23076923 1.        ],7,7
518,1.0,0.11538461538461536,0.5789473684210527,0.11538461538461536,[0.         0.42307692 1.        ],[0.         0.30769231 1.        ],8,7
519,1.0,0.03846153846153849,0.5333333333333333,0.03846153846153849,[0.         0.30769231 1.        ],[0.         0.26923077 1.        ],9,7
520,1.5,0.03846153846153849,0.5263157894736842,0.03846153846153849,[0.         0.38461538 1.        ],[0.         0.34615385 1.        ],0,7
521,1.5,0.03846153846153849,0.5333333333333333,0.03846153846153849,[0.         0.30769231 1.        ],[0.         0.26923077 1.        ],1,7
522,1.5,0.3461538461538461,0.6551724137931034,0.3461538461538461,[0.         0.73076923 1.        ],[0.         0.38461538 1.        ],2,7
523,1.5,-0.07692307692307693,0.375,-0.07692307692307693,[0.         0.11538462 1.        ],[0.         0.19230769 1.        ],3,7
524,1.5,0.0,0.5,0.0,[0.         0.34615385 1.        ],[0.         0.34615385 1.        ],4,7
525,1.5,0.23076923076923073,0.625,0.23076923076923073,[0.         0.57692308 1.        ],[0.         0.34615385 1.        ],5,7
526,1.5,0.15384615384615385,0.625,0.15384615384615385,[0.         0.38461538 1.        ],[0.         0.23076923 1.        ],6,7
527,1.5,-0.15384615384615385,0.375,-0.15384615384615385,[0.         0.23076923 1.        ],[0.         0.38461538 1.        ],7,7
528,1.5,-0.038461538461538464,0.4444444444444444,-0.038461538461538464,[0.         0.15384615 1.        ],[0.         0.19230769 1.        ],8,7
529,1.5,-0.1923076923076923,0.2222222222222222,-0.1923076923076923,[0.         0.07692308 1.        ],[0.         0.26923077 1.        ],9,7
530,2.0,0.07692307692307693,0.5714285714285714,0.07692307692307693,[0.         0.30769231 1.        ],[0.         0.23076923 1.        ],0,7
531,2.0,0.07692307692307693,0.6666666666666666,0.07692307692307693,[0.         0.15384615 1.        ],[0.         0.07692308 1.        ],1,7
532,2.0,0.07692307692307693,0.5625,0.07692307692307693,[0.         0.34615385 1.        ],[0.         0.26923077 1.        ],2,7
533,2.0,0.19230769230769235,0.631578947368421,0.19230769230769235,[0.         0.46153846 1.        ],[0.         0.26923077 1.        ],3,7
534,2.0,0.23076923076923075,0.6875,0.23076923076923075,[0.         0.42307692 1.        ],[0.         0.19230769 1.        ],4,7
535,2.0,0.19230769230769232,0.6666666666666666,0.19230769230769232,[0.         0.38461538 1.        ],[0.         0.19230769 1.        ],5,7
536,2.0,-0.07692307692307693,0.45454545454545453,-0.07692307692307693,[0.         0.38461538 1.        ],[0.         0.46153846 1.        ],6,7
537,2.0,-0.038461538461538436,0.46153846153846156,-0.038461538461538436,[0.         0.23076923 1.        ],[0.         0.26923077 1.        ],7,7
538,2.0,0.1923076923076923,0.6190476190476191,0.1923076923076923,[0.  0.5 1. ],[0.         0.30769231 1.        ],8,7
539,2.0,0.1923076923076923,0.6190476190476191,0.1923076923076923,[0.  0.5 1. ],[0.         0.30769231 1.        ],9,7
540,2.5,-0.03846153846153849,0.4782608695652174,-0.03846153846153849,[0.         0.42307692 1.        ],[0.         0.46153846 1.        ],0,7
541,2.5,0.038461538461538464,0.5454545454545454,0.038461538461538464,[0.         0.23076923 1.        ],[0.         0.19230769 1.        ],1,7
542,2.5,0.038461538461538436,0.5384615384615384,0.038461538461538436,[0.         0.26923077 1.        ],[0.         0.23076923 1.        ],2,7
543,2.5,0.1923076923076923,0.6190476190476191,0.1923076923076923,[0.  0.5 1. ],[0.         0.30769231 1.        ],3,7
544,2.5,0.11538461538461536,0.56,0.11538461538461536,[0.         0.53846154 1.        ],[0.         0.42307692 1.        ],4,7
545,2.5,0.11538461538461536,0.6,0.11538461538461536,[0.         0.34615385 1.        ],[0.         0.23076923 1.        ],5,7
546,2.5,0.1538461538461538,0.5769230769230769,0.1538461538461538,[0.         0.57692308 1.        ],[0.         0.42307692 1.        ],6,7
547,2.5,0.34615384615384615,0.8461538461538461,0.34615384615384615,[0.         0.42307692 1.        ],[0.         0.07692308 1.        ],7,7
548,2.5,0.23076923076923078,0.6666666666666666,0.23076923076923078,[0.         0.46153846 1.        ],[0.         0.23076923 1.        ],8,7
549,2.5,0.11538461538461536,0.5789473684210527,0.11538461538461536,[0.         0.42307692 1.        ],[0.         0.30769231 1.        ],9,7
550,3.0,-0.11538461538461539,0.38461538461538464,-0.11538461538461539,[0.         0.19230769 1.        ],[0.         0.30769231 1.        ],0,7
551,3.0,0.30769230769230765,0.6818181818181818,0.30769230769230765,[0.         0.57692308 1.        ],[0.         0.26923077 1.        ],1,7
552,3.0,-0.15384615384615385,0.4090909090909091,-0.15384615384615385,[0.         0.34615385 1.        ],[0.  0.5 1. ],2,7
553,3.0,-0.038461538461538436,0.47058823529411764,-0.038461538461538436,[0.         0.30769231 1.        ],[0.         0.34615385 1.        ],3,7
554,3.0,0.1923076923076923,0.6086956521739131,0.1923076923076923,[0.         0.53846154 1.        ],[0.         0.34615385 1.        ],4,7
555,3.0,-0.07692307692307693,0.4583333333333333,-0.07692307692307693,[0.         0.42307692 1.        ],[0.  0.5 1. ],5,7
556,3.0,0.038461538461538436,0.5294117647058824,0.038461538461538436,[0.         0.34615385 1.        ],[0.         0.30769231 1.        ],6,7
557,3.0,0.11538461538461536,0.5789473684210527,0.11538461538461536,[0.         0.42307692 1.        ],[0.         0.30769231 1.        ],7,7
558,3.0,0.34615384615384615,0.7368421052631579,0.34615384615384615,[0.         0.53846154 1.        ],[0.         0.19230769 1.        ],8,7
559,3.0,-0.038461538461538436,0.47619047619047616,-0.038461538461538436,[0.         0.38461538 1.        ],[0.         0.42307692 1.        ],9,7
560,3.5,-0.038461538461538436,0.48484848484848486,-0.038461538461538436,[0.         0.61538462 1.        ],[0.         0.65384615 1.        ],0,7
561,3.5,0.15384615384615383,0.6428571428571429,0.15384615384615383,[0.         0.34615385 1.        ],[0.         0.19230769 1.        ],1,7
562,3.5,0.0,0.5,0.0,[0.         0.38461538 1.        ],[0.         0.38461538 1.        ],2,7
563,3.5,0.0,0.5,0.0,[0.         0.42307692 1.        ],[0.         0.42307692 1.        ],3,7
564,3.5,0.19230769230769232,0.6666666666666666,0.19230769230769232,[0.         0.38461538 1.        ],[0.         0.19230769 1.        ],4,7
565,3.5,0.15384615384615385,0.6,0.15384615384615385,[0.         0.46153846 1.        ],[0.         0.30769231 1.        ],5,7
566,3.5,0.03846153846153849,0.5263157894736842,0.03846153846153849,[0.         0.38461538 1.        ],[0.         0.34615385 1.        ],6,7
567,3.5,0.3076923076923077,0.75,0.3076923076923077,[0.         0.46153846 1.        ],[0.         0.15384615 1.        ],7,7
568,3.5,-0.11538461538461542,0.4482758620689655,-0.11538461538461542,[0.  0.5 1. ],[0.         0.61538462 1.        ],8,7
569,3.5,0.3076923076923077,0.7222222222222222,0.3076923076923077,[0.  0.5 1. ],[0.         0.19230769 1.        ],9,7
570,5.0,0.07692307692307687,0.5357142857142857,0.07692307692307687,[0.         0.57692308 1.        ],[0.  0.5 1. ],0,7
571,5.0,0.1538461538461538,0.5769230769230769,0.1538461538461538,[0.         0.57692308 1.        ],[0.         0.42307692 1.        ],1,7
572,5.0,0.15384615384615385,0.5588235294117647,0.15384615384615385,[0.         0.73076923 1.        ],[0.         0.57692308 1.        ],2,7
573,5.0,0.30769230769230765,0.6428571428571429,0.30769230769230765,[0.         0.69230769 1.        ],[0.         0.38461538 1.        ],3,7
574,5.0,0.15384615384615385,0.6111111111111112,0.15384615384615385,[0.         0.42307692 1.        ],[0.         0.26923077 1.        ],4,7
575,5.0,0.15384615384615385,0.5666666666666667,0.15384615384615385,[0.         0.65384615 1.        ],[0.  0.5 1. ],5,7
576,5.0,-0.03846153846153855,0.4838709677419355,-0.03846153846153855,[0.         0.57692308 1.        ],[0.         0.61538462 1.        ],6,7
577,5.0,-0.11538461538461531,0.4444444444444444,-0.11538461538461531,[0.         0.46153846 1.        ],[0.         0.57692308 1.        ],7,7
578,5.0,0.30769230769230765,0.6428571428571429,0.30769230769230765,[0.         0.69230769 1.        ],[0.         0.38461538 1.        ],8,7
579,5.0,0.03846153846153855,0.5161290322580645,0.03846153846153855,[0.         0.61538462 1.        ],[0.         0.57692308 1.        ],9,7
580,7.0,-0.038461538461538436,0.47619047619047616,-0.038461538461538436,[0.         0.38461538 1.        ],[0.         0.42307692 1.        ],0,7
581,7.0,0.038461538461538436,0.5294117647058824,0.038461538461538436,[0.         0.34615385 1.        ],[0.         0.30769231 1.        ],1,7
582,7.0,0.38461538461538464,0.7083333333333334,0.38461538461538464,[0.         0.65384615 1.        ],[0.         0.26923077 1.        ],2,7
583,7.0,0.38461538461538464,0.6666666666666666,0.38461538461538464,[0.         0.76923077 1.        ],[0.         0.38461538 1.        ],3,7
584,7.0,0.15384615384615385,0.5714285714285714,0.15384615384615385,[0.         0.61538462 1.        ],[0.         0.46153846 1.        ],4,7
585,7.0,0.15384615384615385,0.5909090909090909,0.15384615384615385,[0.  0.5 1. ],[0.         0.34615385 1.        ],5,7
586,7.0,0.1538461538461538,0.5769230769230769,0.1538461538461538,[0.         0.57692308 1.        ],[0.         0.42307692 1.        ],6,7
587,7.0,0.15384615384615385,0.6111111111111112,0.15384615384615385,[0.         0.42307692 1.        ],[0.         0.26923077 1.        ],7,7
588,7.0,0.15384615384615385,0.5625,0.15384615384615385,[0.         0.69230769 1.        ],[0.         0.53846154 1.        ],8,7
589,7.0,0.11538461538461542,0.5483870967741935,0.11538461538461542,[0.         0.65384615 1.        ],[0.         0.53846154 1.        ],9,7
590,9.0,0.038461538461538436,0.5151515151515151,0.038461538461538436,[0.         0.65384615 1.        ],[0.         0.61538462 1.        ],0,7
591,9.0,0.3076923076923077,0.6111111111111112,0.3076923076923077,[0.         0.84615385 1.        ],[0.         0.53846154 1.        ],1,7
592,9.0,0.23076923076923073,0.59375,0.23076923076923073,[0.         0.73076923 1.        ],[0.  0.5 1. ],2,7
593,9.0,0.15384615384615385,0.5909090909090909,0.15384615384615385,[0.  0.5 1. ],[0.         0.34615385 1.        ],3,7
594,9.0,0.3076923076923077,0.6538461538461539,0.3076923076923077,[0.         0.65384615 1.        ],[0.         0.34615385 1.        ],4,7
595,9.0,0.2692307692307692,0.6296296296296297,0.2692307692307692,[0.         0.65384615 1.        ],[0.         0.38461538 1.        ],5,7
596,9.0,0.26923076923076916,0.6521739130434783,0.26923076923076916,[0.         0.57692308 1.        ],[0.         0.30769231 1.        ],6,7
597,9.0,0.5,0.6756756756756757,0.5,[0.         0.96153846 1.        ],[0.         0.46153846 1.        ],7,7
598,9.0,0.34615384615384615,0.6666666666666666,0.34615384615384615,[0.         0.69230769 1.        ],[0.         0.34615385 1.        ],8,7
599,9.0,-0.07692307692307687,0.4642857142857143,-0.07692307692307687,[0.  0.5 1. ],[0.         0.57692308 1.        ],9,7
