x1,x2,y
-0.08625879728253324,0.22619285521492524,1.0
-0.02767788741081021,0.14184391828992032,1.0
-0.24877050752717023,-0.22534136428015739,0.6000000000000001
-0.24877050752717023,0.2500486003756135,0.4
0.2638278368737703,0.2500486003756135,0.6000000000000001
0.13274441051409624,-0.12888316759230825,1.0
-0.7613688519281107,-0.7007313289359282,0.6000000000000001
-0.08823737281343248,-0.2185630056973867,1.0
0.44288977272827385,-1.1452318246304576,0.14553363032026076
1.289024525675651,-0.22534136428015739,0.0
0.32858827772875987,0.011888043440408919,0.8012505810738167
0.7764261812747106,-0.22534136428015739,0.6000000000000001
-0.24877050752717023,-0.22534136428015739,0.6000000000000001
-0.07256037331287402,0.18159498891734668,1.0
-0.7613688519281107,0.7254385650313842,0.0
0.2638278368737703,-1.176121293591699,0.0
-0.7613688519281107,-0.22534136428015739,0.8
0.1663595859262443,-0.13924620168169452,1.0
-1.273967196329051,-0.22534136428015739,0.2
0.4630585005420188,0.8491675655823917,0.04368366799140866
-1.273967196329051,-0.22534136428015739,0.2
0.2638278368737703,1.200828529687155,0.0
-0.1856197764249685,0.06375503807711277,1.0
-0.18664619821303235,0.036356153238644204,0.9989179246866644
0.05450485018036629,0.05242108824768059,1.0
0.2638278368737703,-0.22534136428015739,0.8
0.2638278368737703,0.7254385650313842,0.0
-0.24144056141631565,-0.06510152549129317,0.9617717976725327
-0.1757917907341926,0.014950494599736042,1.0
-0.24877050752717023,0.2500486003756135,0.8
0.19372226391443437,0.0055039587707736235,1.0
-0.24877050752717023,0.2500486003756135,0.8
0.4780133932878119,0.020784055487226873,0.8969260313420202
0.01838688427330789,-0.025085371395921867,1.0
-0.1922235571441168,-0.0161908072564777,1.0
-0.7613688519281107,-0.22534136428015739,0.0
-0.10256686812731221,0.09521566595657753,1.0
0.1366375981632813,0.17902148827708392,1.0
-0.15563834936767856,0.17470600757482022,1.0
0.7764261812747106,-0.22534136428015739,0.4
-0.16680075103628647,0.20331705914057313,1.0
0.46187650689973936,1.0419227310243488,0.07125525090650647
-0.1209526613770275,-0.15057807277846164,0.9792529671193207
-0.40933208235206764,0.38326088342553855,0.9389097122579879
-1.0147946908218706,-0.02404990646629649,0.1399201264642497
0.15248865217165597,-0.1240739069033587,1.0
0.1891071358008576,-0.1498422641544473,1.0
-1.273967196329051,0.7254385650313842,0.0
0.2638278368737703,-0.22534136428015739,0.4
-0.24877050752717023,0.2500486003756135,0.6000000000000001
-0.24877050752717023,-0.7007313289359282,0.4
-0.24877050752717023,-0.22534136428015739,0.8
-0.24877050752717023,-0.22534136428015739,0.0
0.0589136941540011,0.06496558887014564,1.0
0.2638278368737703,-0.7007313289359282,0.0
-0.29040022248425174,0.13257920124874936,0.9974333262836235
-0.6145401351593589,0.5332535751538958,0.16050442982706015
0.7764261812747106,0.7254385650313842,0.2
-0.037075778113391425,0.5558773407422466,0.8637290671395728
-1.273967196329051,-0.22534136428015739,0.0
0.7764261812747106,0.2500486003756135,1.0
-0.24877050752717023,1.200828529687155,0.8
0.7764261812747106,0.7254385650313842,0.0
1.289024525675651,0.2500486003756135,0.0
-0.7613688519281107,0.2500486003756135,0.4
-0.8788501359916532,0.7327911188288802,0.02263935049525386
-0.18625026519601692,-0.11199060286194117,1.0
-0.7613688519281107,-0.22534136428015739,0.0
-0.31845299479349265,0.2423998861258977,0.9939864446878881
-0.24877050752717023,0.7254385650313842,0.0
-0.24877050752717023,-0.7007313289359282,0.0
0.7764261812747106,0.7254385650313842,0.4
-0.0925988204215879,-0.24875894050053757,0.9869866434867567
0.7764261812747106,-0.22534136428015739,0.8
-0.13949144741179179,0.1942309179957076,0.9123544133209489
-0.7613688519281107,-1.176121293591699,0.2
0.7764261812747106,0.7254385650313842,0.4
0.7764261812747106,0.2500486003756135,0.6000000000000001
-0.7613688519281107,0.7254385650313842,0.4
0.13751542451967916,0.12519661757570127,1.0
-0.7320389214609385,-0.8716540078859464,0.13223502184707153
-0.24877050752717023,-0.7007313289359282,0.0
0.7764261812747106,1.200828529687155,0.2
-0.7613688519281107,0.2500486003756135,0.0
0.7764261812747106,0.7254385650313842,0.6000000000000001
0.2638278368737703,-1.176121293591699,0.0
-0.24877050752717023,-0.22534136428015739,0.8
0.030556975988668328,-0.05912308510256433,0.8603509053468497
-0.24877050752717023,0.2500486003756135,0.6000000000000001
0.7764261812747106,-0.22534136428015739,0.8
0.3310000614895242,0.09327842964346417,0.885125739723946
0.12305583924099209,-0.18241387981150686,1.0
0.7764261812747106,-0.7007313289359282,0.2
0.7764261812747106,-0.22534136428015739,1.0
0.17535966585378934,-0.21673711227642303,1.0
0.2638278368737703,0.7254385650313842,0.0
-0.24877050752717023,-0.7007313289359282,0.0
1.289024525675651,0.2500486003756135,0.4
-0.1439599309206286,-0.12061289594334347,1.0
0.14818045602163268,-0.11953633716499798,1.0
1.289024525675651,-0.7007313289359282,0.4
0.18778754065107228,0.14801689832189222,1.0
0.7764261812747106,0.7254385650313842,0.0
-0.13350181375050785,-0.8763937599459918,0.08335005523213042
-0.24877050752717023,0.2500486003756135,0.8
0.2527185950419164,-0.119610052621222,1.0
0.36816823369781226,0.7837764902965719,0.07773438639337814
1.289024525675651,0.7254385650313842,0.0
1.0739814714739875,0.5957254736747628,0.23004201903015434
1.289024525675651,-1.176121293591699,0.2
-1.273967196329051,-0.7007313289359282,0.4
-0.14342990223311233,0.154591698110469,1.0
0.2638278368737703,-1.176121293591699,0.4
-0.1969409065601903,-0.24070182638729884,0.9095416588497939
-0.08271034256314241,0.21879116974298674,1.0
0.1629148627244359,-0.1428664476572449,1.0
0.2638278368737703,-0.22534136428015739,0.6000000000000001
0.2638278368737703,-0.22534136428015739,0.6000000000000001
0.7764261812747106,-1.176121293591699,0.0
-0.054141943834084084,0.1933480045166538,1.0
0.7764261812747106,-0.7007313289359282,0.0
-1.0306263927993478,0.3387094010725001,0.05033817020641627
-0.13249680683625867,0.14778625916695673,0.9428133218697862
0.13072897839335887,0.1545738372928567,1.0
-1.217022606848814,0.12559553662251205,0.13674387733930943
-0.17766216405289675,0.26773434341616653,1.0
-0.1405675247009535,-0.11794111457018144,1.0
0.2638278368737703,1.200828529687155,0.4
0.2638278368737703,-0.22534136428015739,0.8
-0.7613688519281107,0.7254385650313842,0.2
-0.9805915012813868,0.5931717306745685,0.137341310308403
0.7764261812747106,-0.7007313289359282,0.0
-0.24877050752717023,0.2500486003756135,0.6000000000000001
-0.7613688519281107,0.7254385650313842,0.0
1.289024525675651,-0.22534136428015739,0.0
-0.24877050752717023,0.7254385650313842,0.0
0.2638278368737703,-0.22534136428015739,0.6000000000000001
0.2638278368737703,0.2500486003756135,0.8
0.33432033534182504,0.012918318322508324,0.9673308617181176
-0.24877050752717023,1.200828529687155,0.2
0.18450622687077983,-0.20254510876047022,0.9134472507368847
0.7764261812747106,0.7254385650313842,0.0
-0.7613688519281107,-0.7007313289359282,0.2
-0.14558579637891864,0.15814019440573004,1.0
0.7764261812747106,1.200828529687155,0.0
0.12237651862309697,0.12471063925720725,1.0
0.6906701985937685,0.5260381889223247,0.20134357281573578
-0.24877050752717023,-0.7007313289359282,0.0
0.22836967123265975,-0.30759830965192864,1.0
0.009852213562274365,-0.11190088379515016,0.9522613902240435
0.2638278368737703,0.2500486003756135,0.8
-0.24877050752717023,1.200828529687155,0.0
0.5858137071955385,0.7606200149499017,0.025752078081270693
0.2638278368737703,1.200828529687155,0.2
-0.24877050752717023,1.200828529687155,0.0
-0.17798415436996243,-0.18307467621041312,1.0
0.7764261812747106,-0.22534136428015739,0.2
0.2638278368737703,-0.22534136428015739,0.8
0.4739120870645118,-1.1620895741925708,0.11005083356287915
0.2638278368737703,0.7254385650313842,0.0
0.21227523171908533,-0.009273319128836614,1.0
-0.24925260431391832,-0.041556520785825855,1.0
-1.273967196329051,-0.22534136428015739,0.0
-0.24877050752717023,0.2500486003756135,0.4
-0.7613688519281107,0.7254385650313842,0.2
-0.23504016731558253,0.2496566161873694,1.0
-0.15876422497748233,-0.14915182745951663,1.0
-0.24877050752717023,0.7254385650313842,0.0
-0.7613688519281107,-0.22534136428015739,0.2
0.2638278368737703,-0.22534136428015739,0.0
1.289024525675651,0.7254385650313842,0.0
0.2638278368737703,-0.7007313289359282,0.0
0.7764261812747106,0.2500486003756135,0.2
0.2638278368737703,0.7254385650313842,0.2
-0.7718689310292645,0.5522661817338893,0.08237243600387129
0.7764261812747106,0.7254385650313842,0.2
-0.7613688519281107,0.2500486003756135,0.0
0.2621985864736719,-0.15286845652072484,1.0
0.8711106444490808,0.10725889351950275,0.11029216610042439
0.14983268282291573,0.13248871716944197,1.0
-0.14949148680730254,-0.18350225482960397,1.0
1.289024525675651,-0.7007313289359282,0.0
-0.26039991664018014,-0.07987184953308035,0.8760787022527953
-0.13788043096345773,0.19906376712945764,1.0
0.2638278368737703,0.2500486003756135,0.8
-0.24877050752717023,0.2500486003756135,0.6000000000000001
-0.24877050752717023,-0.7007313289359282,0.2
0.7764261812747106,-0.7007313289359282,0.2
0.7764261812747106,-0.7007313289359282,0.0
0.19467720766257163,0.03824309782947296,0.8634839274818749
-0.7613688519281107,-0.7007313289359282,0.0
-0.22919690570843296,-0.12370341822961259,1.0
0.2638278368737703,-0.7007313289359282,0.2
-1.273967196329051,-0.7007313289359282,0.0
-0.24877050752717023,0.2500486003756135,0.4
-0.3414243339348936,0.9562489867966375,0.07790025728121185
0.1760388166765368,0.024802406683006865,0.9405431407774992
0.3944367954715302,0.12162578921249169,0.8362745940355807
0.1840339767628495,-0.13713378241130084,1.0
-0.24877050752717023,0.2500486003756135,0.8
0.7764261812747106,1.200828529687155,0.0
0.2638278368737703,0.7254385650313842,0.0
-0.7613688519281107,0.7254385650313842,0.0
0.9303104257282718,-0.4712032297216702,0.1416960335864724
-0.24877050752717023,0.7254385650313842,0.0
-0.15943784330797367,-0.12257489599576568,0.9425326618271713
-1.273967196329051,0.7254385650313842,0.0
-0.7613688519281107,-0.22534136428015739,0.0
-0.2843905585636375,-0.9904702038521662,0.1653414038267366
0.2638278368737703,1.200828529687155,0.0
-0.15017973629837958,0.16011014565661616,1.0
1.289024525675651,0.2500486003756135,0.0
0.974274767860739,0.019281232903275457,0.09211594133322586
0.2638278368737703,0.2500486003756135,0.6000000000000001
-0.24877050752717023,1.200828529687155,0.0
0.7764261812747106,-0.22534136428015739,0.0
-0.7613688519281107,0.2500486003756135,0.0
0.023143628533058985,-1.1596870773587211,0.21819643572402866
-0.18596151770445984,-0.22634990039236844,1.0
0.7133036043219152,-0.7845669984294064,0.12391291519791847
-0.7613688519281107,0.2500486003756135,0.0
-0.18017503565330242,-0.10255009420984738,1.0
0.7764261812747106,-0.22534136428015739,0.2
0.2638278368737703,0.7254385650313842,0.8
0.09395154004181823,-0.28596606556260423,0.9518008032857981
0.04814873751734003,-0.2266815669502229,0.8082340370456665
0.2638278368737703,-0.22534136428015739,0.8
0.2638278368737703,0.2500486003756135,0.8
-1.273967196329051,0.2500486003756135,0.4
1.289024525675651,-1.176121293591699,0.0
-0.07305823531049885,1.0258136783593352,0.24587890540029525
0.2638278368737703,-0.7007313289359282,0.4
0.19619503316171888,-0.05183275691320601,0.9972207238487321
0.2638278368737703,1.200828529687155,0.4
0.4149370211414772,-0.7926618974911092,0.042216464292882595
-0.24877050752717023,-0.22534136428015739,0.8
0.7764261812747106,0.2500486003756135,0.0
-0.03531978454558368,-0.035779786508378576,1.0
0.07697884527173816,0.7861943861119447,0.07683390534176913
0.16279872663601055,-0.16237387758174907,1.0
-0.14178991877161604,0.15436068389068747,1.0
0.0012802347860173813,0.3543131359015932,0.8618414490457356
-0.24877050752717023,0.7254385650313842,0.4
0.1923193530764714,-0.9439284662725834,0.0003250582239374111
-0.4206265310149483,0.49661714301816673,0.9762626467781162
-0.24877050752717023,1.200828529687155,0.0
0.07173465593468481,-0.2530794675696407,1.0
0.019910693488172426,0.15418507865022163,1.0
1.289024525675651,-0.22534136428015739,0.0
-0.24877050752717023,-1.176121293591699,0.0
-0.13841502459004737,0.15001974806443608,1.0
0.151330571617433,-0.12311720269374025,1.0
-1.273967196329051,-0.22534136428015739,0.6000000000000001
0.17830853218277365,-0.17103665992802802,1.0
-0.7613688519281107,-0.7007313289359282,0.0
-0.24877050752717023,-0.7007313289359282,0.0
0.3445377318918074,0.44768928306412087,0.8724438910998216
0.2638278368737703,-1.176121293591699,0.0
0.7764261812747106,-0.7007313289359282,0.0
-0.1409741687356219,0.13570289383563588,1.0
-0.24877050752717023,-0.7007313289359282,0.4
0.47788198398422044,0.8816226063608816,0.015879677162925508
-0.24877050752717023,0.7254385650313842,0.0
0.18020637153108765,0.12724093933390052,1.0
-0.2196992129389404,-0.06438164600063737,1.0
-0.24877050752717023,1.200828529687155,0.0
-0.24877050752717023,0.2500486003756135,0.6000000000000001
0.08917201170408935,0.19658771380752862,1.0
0.7764261812747106,-0.22534136428015739,0.2
-0.2000486628907354,0.1354730412560727,1.0
0.2326785127319661,-0.0042050825639199825,0.8904569911573216
-0.24877050752717023,-1.176121293591699,0.4
0.7764261812747106,0.2500486003756135,0.0
-0.18744262274623533,-0.0432786308764358,1.0
0.13869676034178716,-0.10911942611249177,1.0
-1.273967196329051,-0.7007313289359282,0.0
0.2638278368737703,0.2500486003756135,0.8
0.2638278368737703,1.200828529687155,0.0
-0.14626260445625122,0.021040503817458686,0.9153764308113145
-0.1873512116901389,0.9370455641833899,0.2000377800501316
0.23032824423548845,-0.05900709703124427,1.0
-0.7613688519281107,-0.22534136428015739,0.0
0.20538319716194978,0.07200171190547197,0.9043771152833218
0.2638278368737703,-0.22534136428015739,0.8
1.289024525675651,-0.22534136428015739,0.2
0.2638278368737703,-1.176121293591699,0.0
-0.7613688519281107,-0.22534136428015739,0.4
-0.6145397784512338,0.5833776573614076,0.16349462578243099
0.2638278368737703,-0.7007313289359282,0.6000000000000001
0.22444183028386747,-0.06575604648516334,1.0
-0.24877050752717023,-0.7007313289359282,0.0
-0.24877050752717023,1.200828529687155,0.2
1.0188442457798739,-0.2791417713941756,0.06357039118216809
-0.1992294591612736,0.07200201329569085,1.0
0.2638278368737703,1.200828529687155,0.2
0.2638278368737703,-0.7007313289359282,0.0
-0.1686195282745508,0.2743938432366094,1.0
-1.273967196329051,-0.22534136428015739,0.4
0.2638278368737703,0.2500486003756135,0.8
-0.7613688519281107,0.7254385650313842,0.0
0.2638278368737703,-0.7007313289359282,0.8
0.2638278368737703,-0.7007313289359282,0.0
-0.7613688519281107,0.2500486003756135,0.2
0.7764261812747106,0.2500486003756135,0.0
-0.7613688519281107,0.7254385650313842,0.2
0.2638278368737703,-0.22534136428015739,0.8
-0.3317554617974525,-1.047548746346859,0.04118037771309023
-0.24877050752717023,1.200828529687155,0.0
-0.19957265062679985,0.22083619647900485,0.9029611574314937
0.10168583078098002,0.14729667663259052,0.9805292876871777
-0.11717578245988601,0.20478944801763665,1.0
0.7764261812747106,0.2500486003756135,0.0
0.2638278368737703,0.7254385650313842,0.0
-0.1505820616619274,0.1649221544523241,1.0
0.19893009789147956,0.1393656896804994,1.0
-1.273967196329051,0.2500486003756135,0.0
0.2638278368737703,-1.176121293591699,0.0
0.2056952176866151,-0.151555704143701,1.0
-1.273967196329051,0.2500486003756135,0.0
-0.7613688519281107,0.2500486003756135,0.0
-0.24877050752717023,-1.176121293591699,0.4
-0.006901599312111774,0.12397120675816453,1.0
-0.7613688519281107,-0.7007313289359282,0.2
-0.15391211737529925,0.27144721031324176,1.0
0.1751343149348565,0.17343689656631855,1.0
0.21199408019477411,-0.1598773011521759,1.0
0.7764261812747106,-0.22534136428015739,0.0
0.9975399265666086,-0.31494628392667284,0.03742368176964928
-0.24877050752717023,-0.22534136428015739,0.6000000000000001
-0.24877050752717023,-0.22534136428015739,0.6000000000000001
-0.025009145036246266,0.37221979023303614,0.8961111948867478
-0.19373046136540917,-0.026455168150535172,0.8464692639418132
0.14795121967126865,0.03351449264479247,1.0
-0.10748814902665851,1.0141436910145802,0.12448889564258493
0.74358161579625,0.9338973862601747,0.039763658356789175
0.03642212486869968,-1.0543423205996705,0.013691854025718106
-0.24877050752717023,-1.176121293591699,0.0
-0.24877050752717023,-0.22534136428015739,0.8
-0.007440783415248023,0.1385989079478043,0.8819976947412832
-0.14700390314855963,-0.15969772308000704,1.0
-0.04687665955877085,-0.2963910036349143,0.8752680080670087
0.7764261812747106,0.7254385650313842,0.0
0.23072040068878544,0.16095831384232398,1.0
-0.24877050752717023,-0.7007313289359282,0.2
0.2638278368737703,0.7254385650313842,0.0
-0.24877050752717023,-1.176121293591699,0.0
-0.7613688519281107,-0.7007313289359282,0.0
0.17602822742481383,0.13109641543806458,1.0
-0.7613688519281107,-0.22534136428015739,0.4
0.13821756220902598,0.14765911715760108,1.0
0.18943684699347596,0.172533515412445,1.0
-0.24877050752717023,-0.22534136428015739,0.4
0.7764261812747106,0.2500486003756135,0.0
-1.273967196329051,0.2500486003756135,0.0
-0.09502166890077594,-0.21973151720094686,1.0
-0.24877050752717023,0.2500486003756135,0.8
0.7764261812747106,0.2500486003756135,0.0
-0.1535433721191278,0.20329405869444703,1.0
0.6385143940487217,-0.48873732486404736,0.04223582517573679
-0.9920870881591246,0.8154923164886221,0.029527990098736585
-1.273967196329051,-0.22534136428015739,0.2
-0.7613688519281107,1.200828529687155,0.0
0.9345838302141171,0.6850840467490871,0.014786764761957396
-0.09381255147677497,-0.8152631757251059,0.07481428704230655
0.13715433046780193,0.12361910283921226,1.0
0.2638278368737703,-0.7007313289359282,0.0
0.7764261812747106,-0.22534136428015739,0.2
-0.24877050752717023,1.200828529687155,0.0
0.2638278368737703,-0.7007313289359282,0.0
-1.273967196329051,0.2500486003756135,0.0
-0.018968062509588046,-0.07585403844895698,0.9991093177728863
0.19335608520379616,0.08862463220322912,0.881809639919769
-0.49541522384746867,-0.11637651533675898,0.8396167283666613
-0.2235047424335171,-0.06625475548645925,1.0
-0.6815054348924693,0.9901895859236685,0.017417081341548207
-0.13814727694322698,-0.12391192474262944,1.0
-0.2247844820052281,-0.14901266397904667,1.0
-0.26195471358763295,0.875683940935667,0.044633849895226195
1.0103400575919963,0.48465329146676084,0.04891834199277024
-0.24877050752717023,-0.7007313289359282,0.0
0.1837316933830388,0.1491935442675292,1.0
0.155758437742354,0.17313903346292886,1.0
-0.24877050752717023,1.200828529687155,0.0
0.21677455957791014,0.05481292819773277,1.0
0.25137770833309014,0.1811292715196654,0.9935749312442728
-0.21308175961305018,-0.17007746043734542,1.0
-0.24877050752717023,-0.7007313289359282,0.0
-0.7613688519281107,-0.7007313289359282,0.2
-0.7613688519281107,-1.176121293591699,0.2
-0.0012944035905271536,-0.17874335174433273,1.0
0.8538436724813501,-0.1817020232497602,0.015385454855510284
-0.24877050752717023,-0.22534136428015739,0.6000000000000001
-0.22244005763546465,0.07898426896886444,1.0
-0.6693049125286269,-0.5630382455938836,0.10592609852051228
0.02180687135798776,-0.20419324909523545,1.0
-0.24877050752717023,0.7254385650313842,0.0
0.054457317980187436,-0.2598552159383536,0.8174371835247651
0.2638278368737703,0.7254385650313842,0.0
-0.2237042718562311,-0.03184621662928556,1.0
-0.16150212375278433,-0.20865657262008677,1.0
0.22569718204794872,-0.0828634258171566,1.0
0.7764261812747106,-0.7007313289359282,0.0
-0.24877050752717023,0.2500486003756135,0.6000000000000001
-0.8121932237581883,-0.8512955108204407,0.005755114798061027
0.17019206052006647,-0.09123497426198104,1.0
-0.1828931178934579,-0.020315362054955745,0.8583090451467741
0.1959983217006412,-0.08017056189293079,0.9369030364807879
0.06461790803149085,0.12013260377557947,0.8278718123234037
0.1702377109641364,-0.13899339048695367,1.0
0.7764261812747106,-0.7007313289359282,0.2
0.2638278368737703,0.2500486003756135,0.6000000000000001
0.1628571644985982,-0.09839175767353836,1.0
0.2638278368737703,1.200828529687155,0.0
-0.36751483310888927,-0.07699468262170649,0.999068595175786
-0.7613688519281107,-1.176121293591699,0.6000000000000001
-0.7613688519281107,-0.22534136428015739,0.4
-0.049685911128601705,-0.18521322685541827,1.0
0.7764261812747106,-0.7007313289359282,0.0
-0.14488253000717782,-0.12756620228119522,1.0
0.2638278368737703,0.7254385650313842,0.0
0.5522205045986519,0.040113896887697564,0.8973835728084469
-0.01021928055317509,-0.06052813259863354,1.0
0.2638278368737703,1.200828529687155,0.0
-0.08878061982282988,-0.055748730401761294,0.9642241718601049
-0.02601623889719867,0.17020090866120655,1.0
0.5479798967461718,-0.45730451608007294,0.8360471740592512
0.250020062607272,0.1121351461925313,0.951036783402441
-0.7613688519281107,-0.22534136428015739,0.0
-0.7613688519281107,-0.7007313289359282,0.2
0.13264727572264015,-0.7786520260255861,0.10430710640345785
0.7764261812747106,-0.7007313289359282,0.0
0.2638278368737703,0.2500486003756135,0.6000000000000001
0.6138710594866692,-0.8343606014256376,0.1286194293961718
-0.7613688519281107,-0.22534136428015739,0.0
-0.24877050752717023,1.200828529687155,0.0
0.2638278368737703,-0.7007313289359282,0.0
-0.07706418915557726,-0.21680968050414287,1.0
0.2638278368737703,-1.176121293591699,0.0
-0.7613688519281107,-0.7007313289359282,0.0
-0.17751705389346428,0.21075744375104344,1.0
-1.273967196329051,0.7254385650313842,0.0
0.1518842117487283,0.1737830361514036,1.0
-0.10809474769020117,0.08697127793875226,0.8419791676615389
-0.6664190895820101,0.8321594237437064,0.05295257028093247
0.2638278368737703,-0.22534136428015739,0.6000000000000001
0.94154945302744,0.4310815437509819,0.23309445256266426
-0.24877050752717023,-1.176121293591699,0.4
0.12758931745757174,0.2151697470122818,0.9800443335878499
0.02756420831686792,-0.8592176314494727,0.1885010062047248
-0.7613688519281107,0.7254385650313842,0.0
-0.09763895617553121,0.02815197068082434,0.9122363096402551
-1.273967196329051,-0.22534136428015739,0.0
1.289024525675651,0.2500486003756135,0.0
-0.7613688519281107,-1.176121293591699,0.2
-0.07450063420767797,0.2561092152403585,1.0
-0.24877050752717023,0.2500486003756135,0.6000000000000001
0.6552469270551364,0.694326307252862,0.0827299360461365
0.2638278368737703,-0.7007313289359282,0.0
0.026405754703977463,-0.16293832317792065,0.94532193789574
-0.24877050752717023,-0.22534136428015739,0.8
-0.24877050752717023,0.7254385650313842,0.4
-0.24877050752717023,1.200828529687155,0.0
1.289024525675651,0.2500486003756135,0.0
-0.10896514508911517,-0.17044961778320059,1.0
0.14604851698832377,-0.06557756378480528,0.9334240547028476
1.289024525675651,-0.22534136428015739,0.0
0.7764261812747106,0.7254385650313842,0.2
-0.14409368046384016,0.15758938299506697,1.0
0.5986544574442261,0.015684799780470927,0.7985841137912538
0.2638278368737703,0.7254385650313842,0.6000000000000001
0.2638278368737703,0.2500486003756135,0.8
0.2638278368737703,0.2500486003756135,0.8
0.2638278368737703,-0.22534136428015739,0.0
0.7764261812747106,-0.22534136428015739,0.4
-0.18508844013011277,-0.11518775278995337,1.0
0.7764261812747106,0.7254385650313842,0.0
-0.21969654366194535,-0.09132825614852798,1.0
-1.273967196329051,-0.22534136428015739,0.2
-0.24877050752717023,1.200828529687155,0.0
0.2638278368737703,-0.7007313289359282,0.0
-0.24877050752717023,0.2500486003756135,0.8
-0.02260231506298057,-0.15816228441461266,1.0
0.7764261812747106,0.7254385650313842,0.4
-0.24877050752717023,0.2500486003756135,0.6000000000000001
-0.13593087691550693,0.14693045943943203,1.0
-0.24877050752717023,1.200828529687155,0.0
0.4699331975418543,0.28656711795579426,0.958218543589182
-0.035827222294138435,-0.002205757252745178,0.9211388701599563
0.7764261812747106,0.7254385650313842,0.4
0.02639789577440113,-0.08767550346211328,0.9754954820340243
0.2638278368737703,-0.22534136428015739,0.8
0.10185896480286026,-0.16875943846567404,1.0
-0.13733352244281505,0.14873747060961434,1.0
-0.19393027236812477,-0.16919783559550192,1.0
-0.5485891713989327,-0.12153401948083102,0.857554385202542
-0.7006194329498389,-0.870219981691562,0.036674917689291146
0.04116723805279049,0.006412943814100736,1.0
-0.10874231645844583,0.1904514601165505,1.0
0.2638278368737703,-1.176121293591699,0.0
1.289024525675651,0.2500486003756135,0.0
1.289024525675651,0.7254385650313842,0.2
-0.14208029521936313,0.15449069414223643,1.0
-0.24877050752717023,1.200828529687155,0.4
1.1147541859906336,0.2118754328976572,0.04508629203077821
0.7764261812747106,0.7254385650313842,0.0
-0.1717096506459734,0.19271100263985144,1.0
0.2638278368737703,-0.7007313289359282,0.4
-0.7613688519281107,0.2500486003756135,0.0
-0.16300116209846824,-0.12751941920939547,1.0
-0.15815231845737698,-0.14900399698947145,1.0
-0.24877050752717023,-0.22534136428015739,0.8
-0.18464422240620165,0.07448306774721085,1.0
-0.7613688519281107,0.7254385650313842,0.0
-0.7613688519281107,-0.22534136428015739,0.6000000000000001
-0.22398795468486613,-0.06355659383885434,0.8622507082373075
-0.4719334349316703,0.8292445328366065,0.09787148232489767
0.2638278368737703,0.2500486003756135,0.4
0.7764261812747106,-0.7007313289359282,0.0
0.16459553977362312,-0.17521306418046922,1.0
0.2638278368737703,-0.22534136428015739,0.4
-0.24877050752717023,0.2500486003756135,0.6000000000000001
-0.06944610090499802,-0.9656703831593091,0.14425673760598678
0.1510877429881687,-0.14550040988478022,0.9743279450968084
0.9553084776053953,0.562127680103361,0.08541596788357377
0.11001696462262572,0.28825775124512526,0.9081471306129866
0.7764261812747106,0.2500486003756135,0.0
-0.6018848372935888,-1.0361664641457673,0.08194126188029283
0.5854690875751487,0.32651592709528143,0.029758573827729905
-0.7917454798552026,-0.048727242987961716,0.10029917778637877
-1.273967196329051,0.7254385650313842,0.2
0.2526783692771994,-0.8707027685494289,0.08018918913903254
0.14670484752990143,0.019175583233855653,0.7633419343783112
-0.16572928703824974,-0.02615538059248676,0.8297436659830085
-0.7155200113262938,0.3455173457537758,0.09859856343163333
-0.09529831915678752,0.17871210305095941,1.0
0.7764261812747106,-1.176121293591699,0.0
-0.7613688519281107,0.2500486003756135,0.2
0.117199815924384,-0.17047092566164834,1.0
0.10018698232061848,0.1079126404446945,1.0
0.12801064446547242,-0.22166873437924606,0.9003741358035968
0.7764261812747106,-0.7007313289359282,0.0
0.1751587955913487,0.2006791503269098,1.0
-0.7613688519281107,-0.22534136428015739,0.4
0.7169664789852063,0.8843826486715263,0.031433775429279366
0.7764261812747106,-0.22534136428015739,0.6000000000000001
-0.1354560739666401,0.14180633311404922,1.0
0.7764261812747106,0.7254385650313842,0.0
0.06295478904557215,0.2716057738115071,1.0
0.7764261812747106,-1.176121293591699,0.2
0.7764261812747106,0.7254385650313842,0.0
-0.13103402051186439,-0.17896390079352245,0.929322846247172
-0.26668681397999733,-0.14179104871353046,1.0
0.7764261812747106,0.2500486003756135,0.0
-0.3326380532644937,-0.04363869234732465,0.9663953440540791
0.2638278368737703,0.2500486003756135,0.8
0.1470453387952454,0.13244152439882054,1.0
0.7764261812747106,-0.7007313289359282,0.0
0.2638278368737703,0.2500486003756135,0.4
0.2638278368737703,-1.176121293591699,0.0
0.7764261812747106,0.2500486003756135,0.0
-0.35623270718422995,0.10230520077968536,0.995137518002733
0.1059091010792938,-0.13695154204079307,1.0
0.06539127872228459,-0.8945253461819145,0.16084478492095294
0.9165272355313069,-0.529517266455154,0.06267950314146511
0.12809668547833317,0.9243671938809651,0.20086077256437462
-1.273967196329051,-0.22534136428015739,0.2
-0.054401602048983234,-0.22132033898540956,0.9102197799425844
-0.19050634467651179,0.14721537995785544,0.8901383636966438
-1.273967196329051,0.2500486003756135,0.4
0.2638278368737703,-0.22534136428015739,0.0
-0.1646114051489419,-0.14952455247958307,1.0
-0.7613688519281107,0.2500486003756135,0.6000000000000001
-0.14108138795909708,-0.12126890819196973,1.0
0.2638278368737703,0.7254385650313842,0.0
1.289024525675651,-0.22534136428015739,0.0
-0.2153706605124327,-0.05660199820574446,1.0
1.289024525675651,0.2500486003756135,0.0
-0.24877050752717023,0.7254385650313842,0.0
0.038501739827767695,-0.36209960864088486,0.9110001181774419
0.14832729067862988,-0.12083727115479576,1.0
-0.24877050752717023,-0.7007313289359282,0.2
-0.45780055892578386,-0.9975872290770089,0.14244635218401572
0.009912499155987853,1.0315726261159133,0.13306764419279582
-0.7613688519281107,-0.22534136428015739,0.6000000000000001
0.2638278368737703,-0.7007313289359282,0.0
0.21412114195016535,0.11365629725316514,1.0
-0.24125546851248575,-0.0695692627437438,1.0
0.2638278368737703,0.7254385650313842,0.0
-0.05429562741945734,0.06522619992270447,0.9384182767981145
-0.7613688519281107,-0.22534136428015739,0.0
1.289024525675651,-0.22534136428015739,0.0
0.09565017806312544,0.2002811828562262,1.0
-0.24877050752717023,-0.22534136428015739,0.4
-0.058133470350060425,0.1625528086575034,1.0
-0.7613688519281107,0.7254385650313842,0.6000000000000001
0.2638278368737703,-0.7007313289359282,0.0
-0.4646978006250089,-1.0145364672935182,0.18259725332188048
-0.24877050752717023,-1.176121293591699,0.0
0.7915812099980187,0.1344118979646228,0.11193696874589268
-0.24877050752717023,-1.176121293591699,0.0
0.7764261812747106,0.2500486003756135,0.8
-0.6118083725999021,-0.7581993859442905,0.034562981000763326
-0.24877050752717023,-0.7007313289359282,0.0
-0.1594261400041815,-0.1352951666239581,1.0
-0.24877050752717023,-0.7007313289359282,0.0
0.7764261812747106,-0.22534136428015739,0.6000000000000001
-1.0513060596282402,0.08237217751486156,0.11476518677622682
-0.24877050752717023,-0.7007313289359282,0.0
0.23629302835909605,0.3342010372183851,0.9873166742593306
-0.9236951835301439,0.5980567898483455,0.14210010814689908
0.41929512827406223,1.0135172461141806,0.10515869514892276
0.2638278368737703,0.2500486003756135,0.6000000000000001
-0.07059174082804341,-0.1830592725648908,1.0
-0.21023764126711122,-0.06054514603924238,1.0
0.7764261812747106,1.200828529687155,0.0
0.20894432839058746,-0.0828298793038263,1.0
-0.3031184795767165,-0.7445196109656093,0.03287888799997183
-0.014425432448539806,0.012906027156764185,1.0
0.7764261812747106,-0.7007313289359282,0.0
-0.0765544507175227,-0.2438849949473006,0.891359979865408
-0.24877050752717023,0.2500486003756135,0.8
1.289024525675651,-0.22534136428015739,0.0
-0.15103636796876446,0.16639290080951408,1.0
-0.7613688519281107,-0.22534136428015739,0.8
-0.24877050752717023,0.2500486003756135,0.8
-1.273967196329051,-0.22534136428015739,0.0
-0.6097220925466331,-0.5842516611307333,0.16850115954073475
0.16161965611357626,-0.04891297508729632,1.0
-0.7613688519281107,1.200828529687155,0.0
0.2638278368737703,1.200828529687155,0.2
-0.13009854133947665,0.18974926317965393,1.0
0.2638278368737703,0.7254385650313842,0.4
1.1057244453830581,-0.3161804207996176,0.07215541162689401
0.2638278368737703,1.200828529687155,0.6000000000000001
0.2638278368737703,1.200828529687155,0.2
-0.2631431521415302,0.017444912812793974,0.8527157713745755
0.10692050731813461,0.1311735183863562,1.0
0.7764261812747106,-0.22534136428015739,0.0
-0.0010859315586217873,0.12551692054028782,1.0
-0.008424369877751128,-0.27671987529684344,1.0
0.7764261812747106,1.200828529687155,0.0
0.2638278368737703,-0.22534136428015739,0.8
-0.2085562307210879,0.11998411270005918,0.8757135592726663
-1.273967196329051,-0.22534136428015739,0.0
0.2638278368737703,-1.176121293591699,0.0
-0.24877050752717023,0.7254385650313842,0.0
-1.273967196329051,0.7254385650313842,0.0
0.2638278368737703,-0.22534136428015739,0.8
-0.7613688519281107,0.7254385650313842,0.0
0.7764261812747106,0.2500486003756135,0.0
1.289024525675651,0.7254385650313842,0.0
0.7764261812747106,-0.7007313289359282,0.2
-0.24877050752717023,-0.7007313289359282,0.8
-1.273967196329051,0.7254385650313842,0.4
0.2638278368737703,-0.7007313289359282,0.2
0.7764261812747106,-0.22534136428015739,0.4
0.9034987003669339,-0.2438230573732265,0.039152153935694205
0.3228859321119219,-0.11879398791199032,0.8838357029278903
0.7764261812747106,0.7254385650313842,0.4
-1.273967196329051,0.2500486003756135,0.2
0.40824660649641975,0.09214692797990671,0.8345445486721317
-0.7613688519281107,-0.7007313289359282,0.0
0.1579242123558863,-0.10806092480956819,1.0
-0.24877050752717023,-0.22534136428015739,0.6000000000000001
0.10623296055303756,0.07666714963133099,1.0
1.289024525675651,0.2500486003756135,0.0
-0.06026909039761267,-0.09878334751720812,1.0
1.289024525675651,-0.22534136428015739,0.2
0.7764261812747106,-0.22534136428015739,0.4
0.30824561181660814,-0.2877723390471317,0.9453912203510082
-0.24877050752717023,0.2500486003756135,0.8
-0.7613688519281107,-0.7007313289359282,0.2
-0.8630856917564422,0.049980060033496684,0.04823879622966675
0.40086930279426947,-0.050175247378809025,0.8565723433423118
0.2638278368737703,-0.22534136428015739,0.8
-0.1170378738907924,-0.13161101390561902,1.0
-0.033300326366418324,0.15601704739742048,1.0
0.01775063006010265,-0.10414149073841851,1.0
-1.273967196329051,0.2500486003756135,0.0
0.2638278368737703,-0.7007313289359282,0.0
0.07239616824411119,-1.0089596970705768,0.24279776759038024
0.029927763469826382,-0.3184717948987173,0.7883452575865695
0.7764261812747106,1.200828529687155,0.0
0.39452570935864584,-0.3251417012170834,0.8636698657490158
0.2088706692061432,0.2891449555330299,1.0
0.7764261812747106,0.2500486003756135,0.0
-0.24877050752717023,0.2500486003756135,0.6000000000000001
0.015197936058486407,0.14393806878005605,1.0
0.1564643321392444,-0.12737807214125577,1.0
0.14863109080898407,0.11886820078963663,1.0
-0.24877050752717023,0.7254385650313842,0.2
-1.273967196329051,0.2500486003756135,0.0
0.7764261812747106,0.2500486003756135,0.0
0.20901636305125323,-0.08261996203026317,1.0
0.0036617282799829565,0.6545599221581626,0.9069572118489228
0.17094399414718833,0.1437528602869468,1.0
-0.24877050752717023,-0.22534136428015739,0.8
-0.24877050752717023,0.2500486003756135,0.4
0.6113432171584413,-0.5445683930624254,0.032913124442732034
-0.7613688519281107,0.7254385650313842,0.4
0.2332857536649398,-0.06939432251269825,1.0
0.1747688144005148,-0.13808294045609978,1.0
1.289024525675651,0.2500486003756135,0.0
0.2638278368737703,-0.22534136428015739,0.4
-0.21686486651202266,0.17882377443688477,1.0
-0.15084183824671907,-0.13170975919859584,1.0
-0.15338321857023057,0.16591134973263655,1.0
0.2638278368737703,0.2500486003756135,0.8
-1.142037661459813,-0.17403805525378901,0.13524443241431586
-0.7613688519281107,-0.22534136428015739,0.0
0.13703138493290232,0.12347137650476042,1.0
-0.24877050752717023,-0.22534136428015739,0.8
0.2638278368737703,-0.22534136428015739,0.6000000000000001
0.12537817231746634,-0.13458554963582542,0.8756596388579553
0.7764261812747106,-0.7007313289359282,0.2
-0.7613688519281107,-0.7007313289359282,0.0
0.2638278368737703,-0.7007313289359282,0.4
0.2638278368737703,0.2500486003756135,0.6000000000000001
-0.5304601053212912,-0.6856647837827542,0.14568542625801933
0.7764261812747106,-0.7007313289359282,0.0
-0.24877050752717023,0.2500486003756135,0.6000000000000001
0.13560710278939053,-0.13943724709905492,1.0
0.4950558144446186,-1.0183728945772,0.1597006505129257
-0.7613688519281107,-1.176121293591699,0.2
0.2638278368737703,-1.176121293591699,0.4
-0.7613688519281107,-0.22534136428015739,0.0
-0.24877050752717023,-0.22534136428015739,0.0
-0.21202736989531346,0.31071266642554063,0.9703989407437118
-0.17049527780911075,-0.13511990386552983,1.0
-0.24877050752717023,0.2500486003756135,0.0
0.09132490502411625,0.1510303347508411,1.0
-0.24877050752717023,-0.22534136428015739,0.6000000000000001
-0.15228015454069113,0.06564823732385955,0.8804295807046337
0.2638278368737703,0.2500486003756135,0.2
-0.24877050752717023,0.2500486003756135,0.6000000000000001
-0.24877050752717023,0.2500486003756135,0.6000000000000001
0.2638278368737703,-0.22534136428015739,0.6000000000000001
-0.05045775335681099,-0.09574234820954312,1.0
-1.273967196329051,0.2500486003756135,0.0
-1.273967196329051,-0.22534136428015739,0.0
-0.5761012214193109,0.790260587932846,0.1656777575116213
-0.11396563192140546,0.15966845014676082,1.0
-0.7613688519281107,-0.7007313289359282,0.0
0.12689109504875362,-0.15474971512041752,1.0
-0.7613688519281107,-0.22534136428015739,1.0
1.0040189596280293,-0.7616934578707766,0.08249294665382241
0.16431142512501218,0.06190819881425072,0.8202250254139472
-0.24877050752717023,0.7254385650313842,0.0
0.06361348395771216,1.1095273522831313,0.006221094054772363
-0.7613688519281107,0.2500486003756135,0.2
-0.24877050752717023,0.2500486003756135,0.6000000000000001
-0.24877050752717023,0.7254385650313842,0.4
-0.7613688519281107,0.7254385650313842,0.0
-0.23362765021591386,0.2610223505404893,0.9647163697692112
-0.14726115833293182,-0.05083337430723094,1.0
0.8635882277818168,-0.277450668426326,0.025526216010661636
-0.17933538753328898,-0.14944701704628388,0.991914405784897
-0.24877050752717023,0.2500486003756135,0.6000000000000001
-0.1525840493521271,-0.13148612130495516,1.0
1.289024525675651,0.2500486003756135,0.4
-0.7613688519281107,0.2500486003756135,0.0
0.7764261812747106,0.7254385650313842,0.0
-0.7613688519281107,0.2500486003756135,0.4
-0.7613688519281107,0.7254385650313842,0.0
-0.24877050752717023,0.2500486003756135,0.8
0.2638278368737703,-1.176121293591699,0.2
0.36334131920777735,-0.08051696660511615,0.9082774709536936
-0.24877050752717023,-1.176121293591699,0.2
1.289024525675651,0.2500486003756135,0.0
0.06347688857745269,-0.104344308621685,0.7970824638058227
-0.24877050752717023,-0.7007313289359282,0.2
-0.6211551459041357,0.603885187441661,0.10347919609748349
0.13852007604070066,0.12478247240134988,1.0
-0.15059897740983913,0.16640088699177988,1.0
-1.273967196329051,0.2500486003756135,0.4
0.05325872918854663,0.23223284219374957,0.8645860426980363
0.2638278368737703,-0.7007313289359282,0.0
-0.2045977674755871,-0.03460695687181621,1.0
0.17496515435135537,-0.11871736446982649,1.0
-0.06882710753835426,0.19936219913435269,1.0
-0.1145926316053638,-0.14060402913160092,1.0
-0.7613688519281107,-0.7007313289359282,0.6000000000000001
0.2638278368737703,0.7254385650313842,0.0
-0.2229734968729923,-0.1259339901354949,1.0
-0.09983168333591334,0.1882745464512249,1.0
1.289024525675651,0.2500486003756135,0.2
0.7764261812747106,-1.176121293591699,0.0
0.7764261812747106,0.2500486003756135,0.0
-0.2090240698685903,-0.11000902159132556,1.0
0.05600528072239177,-0.39571613314766574,0.820996108910779
-0.1653031835698638,0.17156298416388632,1.0
-0.18339808660911147,-0.0758797493998883,1.0
-0.7613688519281107,-0.7007313289359282,0.0
-0.7613688519281107,0.2500486003756135,0.0
0.5541271816955031,0.912450013760598,0.06329210675565339
-0.5985184645433247,-0.569845020730797,0.06569145004144915
-0.756908210298003,-0.8980054518584969,0.016439886530334992
-0.24877050752717023,-0.7007313289359282,0.0
-0.24877050752717023,-1.176121293591699,0.0
0.7764261812747106,-0.22534136428015739,0.0
-0.24877050752717023,-0.22534136428015739,0.6000000000000001
0.7764261812747106,-0.22534136428015739,0.8
0.2638278368737703,0.2500486003756135,0.6000000000000001
0.15364851622793754,-0.11716723405144876,1.0
0.9394553852189144,0.5290979531306339,0.09451679779495846
0.2638278368737703,-0.22534136428015739,1.0
-0.24877050752717023,-0.22534136428015739,0.8
-0.10582844213589053,0.04077443886987112,1.0
-0.7613688519281107,1.200828529687155,0.0
-0.1416373564896265,-0.11880327108900994,1.0
0.15627628275986072,-0.1276269706178893,1.0
0.7764261812747106,-0.7007313289359282,0.0
0.2228436402192962,-0.13241936837906773,1.0
0.48096691124478724,-0.3746760341069535,0.9687084721727052
-0.7613688519281107,0.7254385650313842,0.0
-1.273967196329051,-0.22534136428015739,0.0
-0.24877050752717023,0.2500486003756135,0.4
-0.029586100098453725,-0.20839300468926564,1.0
0.2638278368737703,0.2500486003756135,0.6000000000000001
0.21866318364923262,-0.06522080473641513,1.0
-0.2323386403868034,-0.41428805787818623,1.0
0.07139101632138282,-0.16318110050311188,1.0
0.17478060407976573,0.14807119885213982,1.0
0.2638278368737703,-0.22534136428015739,0.8
0.7764261812747106,-0.22534136428015739,0.0
-0.24877050752717023,0.2500486003756135,0.6000000000000001
0.1793149381888788,0.11526107832315723,1.0
-0.24877050752717023,1.200828529687155,0.0
1.1431688803441016,0.5282440296123736,0.08196633706154534
-0.28476742823075946,0.3359298757340424,0.8940454442488319
1.289024525675651,0.7254385650313842,0.0
0.369626502883809,0.9650127738435745,0.09211246142480042
0.2638278368737703,0.2500486003756135,0.8
-0.15043150618722761,0.17339533537730323,1.0
-0.06405584725443171,0.11255256230728886,1.0
-0.35869559092898806,-0.10443313694526471,0.9248206472241215
0.2638278368737703,-0.22534136428015739,0.8
0.29107877290383843,0.07345432477194684,0.9592217086502495
-0.24877050752717023,-0.7007313289359282,0.4
-1.0076983756167686,-0.3473942312477841,0.0775230060839321
-0.13296115142105464,-0.0975999101487458,1.0
0.15253429510784602,-0.1242936528093311,1.0
-0.03309228117586671,0.2254359513247099,0.9756882866107367
-0.7613688519281107,0.2500486003756135,0.2
0.21968592994721106,0.15841931190971656,1.0
0.7764261812747106,-0.22534136428015739,0.0
0.2638278368737703,-1.176121293591699,0.2
-0.1360420495247489,0.12507963367975578,1.0
0.7764261812747106,-0.22534136428015739,0.2
0.7764261812747106,0.2500486003756135,0.2
0.7764261812747106,0.7254385650313842,0.0
-0.24877050752717023,0.7254385650313842,0.4
0.8606886526624362,-0.029833098003654426,0.011191676896093456
-0.17889223060160378,0.13860336222498454,1.0
0.2638278368737703,-0.22534136428015739,0.2
0.007524294914263666,-0.043335298455369126,0.732396768276749
-0.7613688519281107,-0.22534136428015739,0.0
0.7764261812747106,1.200828529687155,0.0
-1.273967196329051,0.2500486003756135,0.0
-0.1671730983790175,0.9457946040149365,0.004193233177129713
0.7764261812747106,0.2500486003756135,0.0
-1.273967196329051,0.7254385650313842,0.4
0.1139942758900661,0.21448722732760075,1.0
-0.19893710006847246,0.12732587334914122,1.0
0.2638278368737703,1.200828529687155,0.0
-1.273967196329051,-0.22534136428015739,0.0
1.289024525675651,0.7254385650313842,0.2
-0.6020621015820778,-0.42865975483024654,0.0924233490866467
-0.2563265837806743,-0.11590718220283333,1.0
0.7764261812747106,0.7254385650313842,0.2
-0.12824162851150964,0.2716169528858248,0.863782544957653
0.2638278368737703,-1.176121293591699,0.0
-1.273967196329051,0.7254385650313842,0.4
-1.273967196329051,-0.22534136428015739,0.0
-0.7613688519281107,-0.7007313289359282,0.0
-0.21809974031459528,0.14451659549256476,1.0
0.7764261812747106,-0.7007313289359282,0.0
0.2301793029933236,-0.08717082570573906,1.0
0.7764261812747106,-0.22534136428015739,0.0
0.7764261812747106,0.7254385650313842,0.0
1.289024525675651,-0.22534136428015739,0.2
-0.24877050752717023,0.2500486003756135,0.8
-0.24877050752717023,1.200828529687155,0.0
-1.152079561109359,-0.47773244685979216,0.17748814882993458
-0.7613688519281107,-0.7007313289359282,0.0
-0.09388838687478063,0.25578648761516026,1.0
0.13837599865809846,-0.15213449773717175,1.0
-0.14924564794431883,0.1814291407662459,1.0
-0.7613688519281107,-0.22534136428015739,0.4
0.17419140002404987,-0.14514942204537623,1.0
0.7764261812747106,0.2500486003756135,0.8
0.952373187849179,-0.16341584864601005,0.06800634037646987
1.289024525675651,0.2500486003756135,0.0
-0.646083651762331,0.5948667240035213,0.1649449722050524
-0.020741647580018688,-0.17665995351151786,1.0
0.09286654793984098,0.0021758405776667513,1.0
-0.0423376549806242,0.027126985059757625,1.0
-0.2840641229138411,0.16174999179516195,0.912929350055051
0.1494611950714431,0.13091159448326473,1.0
0.7764261812747106,0.2500486003756135,0.0
-0.24877050752717023,0.7254385650313842,0.0
0.7764261812747106,-0.22534136428015739,0.4
-0.17347755430649683,-0.14004224321993794,1.0
0.20167099086177787,0.20350760923924252,1.0
0.7764261812747106,-0.22534136428015739,0.4
-0.7613688519281107,-0.22534136428015739,0.0
-1.273967196329051,-0.7007313289359282,0.0
0.2360147113869326,0.0705867113602239,0.9258537817765276
0.49003357755357574,-0.9383659169189444,0.1689333996025481
0.7724717654158613,-0.7496058016702553,0.032588232889798265
-0.6048646685214052,0.5210324102924219,0.17672987012633903
-1.273967196329051,0.2500486003756135,0.4
-0.06982980105469047,-0.07113576131820577,1.0
-0.13274584755880825,0.8476580307835785,0.12314348330909117
0.043652414467745135,-0.1751653682849538,1.0
0.2638278368737703,-0.22534136428015739,0.6000000000000001
0.16480910951433567,-0.14682465365816436,1.0
-0.21221561335176986,0.07145282710588285,1.0
-0.24877050752717023,-0.22534136428015739,0.6000000000000001
-0.1119076289358317,0.1171964950597578,1.0
-0.24877050752717023,-0.22534136428015739,0.8
-0.19764792615986032,0.06991297413533235,1.0
-0.22708487467144947,-0.06097732979458727,1.0
0.2638278368737703,-0.22534136428015739,0.8
0.13795594700137054,0.12564748457796257,1.0
0.2260088602173437,0.09682953425535276,1.0
0.2638278368737703,1.200828529687155,0.0
-0.2468691997309147,-0.17037859986451934,1.0
0.7764261812747106,-0.22534136428015739,0.0
0.2638278368737703,0.7254385650313842,0.4
0.29048282905702366,-0.08254159827481339,0.9951370129530367
0.1430624552849834,0.37713356371145174,0.9853912745825756
-0.16376032370797625,0.16665544737632607,1.0
-0.24877050752717023,1.200828529687155,0.2
-0.7613688519281107,0.7254385650313842,0.2
-0.24877050752717023,0.2500486003756135,0.8
0.024516114177940723,-0.825316411918231,0.15509252748145397
-1.273967196329051,-0.22534136428015739,0.4
-0.3716573262070382,-0.04229624476680831,0.8601386001492611
1.289024525675651,0.2500486003756135,0.4
0.27634522211770357,-0.15046961718849539,0.9941995898085694
0.20900262850131213,-0.06036972131723857,1.0
0.20083926130060228,-0.1355784056786151,1.0
0.10342440084654297,-0.13809818918778938,0.9543724621061024
-0.24877050752717023,0.2500486003756135,0.8
0.2638278368737703,-1.176121293591699,0.0
0.25327431609290485,-0.8802500329232704,0.16034926647488917
0.43862405098263213,-0.03670044259016207,0.8669149799670631
-0.1437768893566354,-0.12159022587508476,1.0
1.289024525675651,0.2500486003756135,0.0
-0.4411658248605858,-0.19470162049120926,0.916468479597248
-0.24877050752717023,0.7254385650313842,0.2
-0.24877050752717023,-0.7007313289359282,0.0
-0.24877050752717023,-1.176121293591699,0.0
0.24509089678162405,0.13862836204907336,1.0
-0.3514184703413333,0.8564506271442942,0.06541021221176481
0.1484574855223202,-0.11995716628371417,1.0
0.11554080448894924,0.11270738705303428,1.0
0.2127441526411354,-0.014887269836647865,0.8679726814464391
-0.24877050752717023,1.200828529687155,0.0
0.22190525904396938,0.06561772793756247,1.0
0.2638278368737703,-0.7007313289359282,0.0
0.06397014789230775,0.2022202323769933,0.9943654820422806
0.15234397968194843,0.1569857032431013,1.0
0.0979534554338537,-0.2507515256613869,1.0
-0.010013709302525153,0.22279153332751006,0.9105825541167979
-0.11402162621838788,-0.30770937623139544,0.9209429959306185
0.17783113024373798,-0.13867635170603712,1.0
-0.11332986808784765,0.28327595257534227,1.0
-0.7613688519281107,-1.176121293591699,0.0
0.16145994693581223,-0.13010999524763148,1.0
-1.1575474018227598,-0.22521226268755407,0.004940687544627997
0.11117951047677802,-0.24951383189033732,1.0
0.0892331941304274,0.06966605202580639,1.0
1.289024525675651,-0.22534136428015739,0.0
-0.7613688519281107,-1.176121293591699,0.0
0.10604068405086454,0.10810226544098499,1.0
0.4264274803121618,0.00022818721249054548,0.9585609407570596
0.2638278368737703,-1.176121293591699,0.0
0.2638278368737703,-0.7007313289359282,0.0
-0.033669852392410174,0.1279079847469605,0.9450998182823199
0.7764261812747106,-0.22534136428015739,0.8
-0.18864280304889702,0.21891869159391522,1.0
0.7764261812747106,-0.22534136428015739,0.0
0.6181304753376811,-0.9834293336627412,0.1703936415403158
0.2638278368737703,0.7254385650313842,0.4
-0.06808159709104489,-0.30857831023856297,0.9833665407717123
0.09914804628072954,0.1628641484490685,1.0
-0.24877050752717023,-0.22534136428015739,0.6000000000000001
0.2228779262719861,-0.42897194493750035,0.8815027337111817
-0.24877050752717023,0.2500486003756135,0.8
0.03335544746593141,0.12982760733751375,0.9106803242363597
-0.17464531292761734,-0.1521281853977466,1.0
-0.7613688519281107,0.2500486003756135,0.0
0.7764261812747106,0.2500486003756135,1.0
-0.11386505228590232,-0.12988988766306128,1.0
-0.13629059409438463,0.16701756227900658,1.0
-0.7613688519281107,-0.22534136428015739,0.0
0.2638278368737703,0.2500486003756135,0.8
-0.14063895683416325,-0.1467937453979207,1.0
